letter,thisN,thisTrialN,thisRepN,respp.keys,respp.rt,respp.duration,mainloop.thisRepN,mainloop.thisTrialN,mainloop.thisN,mainloop.thisIndex,thisRow.t,notes,Instructions.started,text.started,key_resp.started,Instructions.stopped,key_resp.keys,key_resp.rt,key_resp.duration,trial.started,mainfixation.started,leterrrrrrr.started,respp.started,mainfixation.stopped,leterrrrrrr.stopped,respp.stopped,trial.stopped,mainloop.respp.keys,mainloop.respp.rt,mainloop.respp.duration,thanks_2.started,thankyou.started,end.started,thanks_2.stopped,end.keys,end.rt,end.duration,participant,session,date,expName,expVersion,psychopyVersion,frameRate,expStart,
,,,,,,,,,,,,,0.0022195999044924974,0.005652599968016148,0.005652599968016148,1.0312779999803752,space,1.007602000143379,None,,,,,,,,,,,,,,,,,,,002 ,001,2025-11-19_15h31.27.907,N back,,2025.1.1,59.98951386486874,2025-11-19 15h31.38.160497 +0530,
A,0,0,0,None,,,0,0,0,0,1.0589266999159008,,,,,,,,,1.0548572998959571,1.0589266999159008,1.2415233999490738,1.2415233999490738,1.2582411000039428,1.9415734999347478,2.7414871000219136,2.725114200031385,None,,,,,,,,,,002 ,001,2025-11-19_15h31.27.907,N back,,2025.1.1,59.98951386486874,2025-11-19 15h31.38.160497 +0530,
B,1,1,0,None,,,0,1,1,1,2.7414871000219136,,,,,,,,,2.7292184999678284,2.7414871000219136,2.9415255000349134,2.9415255000349134,2.9415255000349134,3.6414528999011964,4.4415074998978525,4.425077399937436,None,,,,,,,,,,002 ,001,2025-11-19_15h31.27.907,N back,,2025.1.1,59.98951386486874,2025-11-19 15h31.38.160497 +0530,
C,2,2,0,None,,,0,2,2,2,4.4415074998978525,,,,,,,,,4.4277552999556065,4.4415074998978525,4.641561399912462,4.641561399912462,4.641561399912462,5.341383199905977,6.141556599875912,6.125090199988335,None,,,,,,,,,,002 ,001,2025-11-19_15h31.27.907,N back,,2025.1.1,59.98951386486874,2025-11-19 15h31.38.160497 +0530,
D,3,3,0,None,,,0,3,3,3,6.141556599875912,,,,,,,,,6.129620499908924,6.141556599875912,6.341425799997523,6.341425799997523,6.341425799997523,7.041464800015092,7.841450999956578,7.825014799833298,None,,,,,,,,,,002 ,001,2025-11-19_15h31.27.907,N back,,2025.1.1,59.98951386486874,2025-11-19 15h31.38.160497 +0530,
D,4,4,0,space,0.38223069999367,0.10168599989265203,0,4,4,4,7.841450999956578,,,,,,,,,7.825248599983752,7.841450999956578,8.041418999899179,8.041418999899179,8.041418999899179,8.741366500034928,9.541331399930641,9.52496389998123,space,0.38223069999367,0.10168599989265203,,,,,,,,002 ,001,2025-11-19_15h31.27.907,N back,,2025.1.1,59.98951386486874,2025-11-19 15h31.38.160497 +0530,
F,5,5,0,None,,,0,5,5,5,9.541331399930641,,,,,,,,,9.529403999913484,9.541331399930641,9.741472899913788,9.741472899913788,9.741472899913788,10.441525999922305,11.24133350001648,11.224937099963427,None,,,,,,,,,,002 ,001,2025-11-19_15h31.27.907,N back,,2025.1.1,59.98951386486874,2025-11-19 15h31.38.160497 +0530,
H,6,6,0,None,,,0,6,6,6,11.24133350001648,,,,,,,,,11.229740499984473,11.24133350001648,11.441357400035486,11.441357400035486,11.441357400035486,12.141318299807608,12.941238399827853,12.92483889986761,None,,,,,,,,,,002 ,001,2025-11-19_15h31.27.907,N back,,2025.1.1,59.98951386486874,2025-11-19 15h31.38.160497 +0530,
J,7,7,0,None,,,0,7,7,7,12.941238399827853,,,,,,,,,12.929524000035599,12.941238399827853,13.141371499979869,13.141371499979869,13.141371499979869,13.841416099807248,14.641255799913779,14.624860299983993,None,,,,,,,,,,002 ,001,2025-11-19_15h31.27.907,N back,,2025.1.1,59.98951386486874,2025-11-19 15h31.38.160497 +0530,
K,8,8,0,None,,,0,8,8,8,14.641255799913779,,,,,,,,,14.629248299868777,14.641255799913779,14.841284399852157,14.841284399852157,14.841284399852157,15.541349699953571,16.3413670998998,16.32491119997576,None,,,,,,,,,,002 ,001,2025-11-19_15h31.27.907,N back,,2025.1.1,59.98951386486874,2025-11-19 15h31.38.160497 +0530,
K,9,9,0,space,0.37453239993192255,0.15220360015518963,0,9,9,9,16.3413670998998,,,,,,,,,16.32522020000033,16.3413670998998,16.54127179994248,16.54127179994248,16.54127179994248,17.2413126998581,18.04134520003572,18.02483979985118,space,0.37453239993192255,0.15220360015518963,,,,,,,,002 ,001,2025-11-19_15h31.27.907,N back,,2025.1.1,59.98951386486874,2025-11-19 15h31.38.160497 +0530,
L,10,10,0,None,,,0,10,10,10,18.04134520003572,,,,,,,,,18.02948459982872,18.04134520003572,18.24131209985353,18.24131209985353,18.24131209985353,18.94112309999764,19.741179900011048,19.724649999989197,None,,,,,,,,,,002 ,001,2025-11-19_15h31.27.907,N back,,2025.1.1,59.98951386486874,2025-11-19 15h31.38.160497 +0530,
M,11,11,0,None,,,0,11,11,11,19.741179900011048,,,,,,,,,19.727280699880794,19.741179900011048,19.941139000002295,19.941139000002295,19.941139000002295,20.6410665998701,21.44114109990187,21.42470690002665,None,,,,,,,,,,002 ,001,2025-11-19_15h31.27.907,N back,,2025.1.1,59.98951386486874,2025-11-19 15h31.38.160497 +0530,
M,12,12,0,space,0.4349557999521494,0.11181350005790591,0,12,12,12,21.44114109990187,,,,,,,,,21.424917900003493,21.44114109990187,21.64113589981571,21.64113589981571,21.64113589981571,22.341313799843192,23.141264999983832,23.124707899987698,space,0.4349557999521494,0.11181350005790591,,,,,,,,002 ,001,2025-11-19_15h31.27.907,N back,,2025.1.1,59.98951386486874,2025-11-19 15h31.38.160497 +0530,
P,13,13,0,None,,,0,13,13,13,23.141264999983832,,,,,,,,,23.127347599947825,23.141264999983832,23.341063000028953,23.341063000028953,23.341063000028953,24.041095699882135,24.841021599946544,24.82462999993004,None,,,,,,,,,,002 ,001,2025-11-19_15h31.27.907,N back,,2025.1.1,59.98951386486874,2025-11-19 15h31.38.160497 +0530,
Q,14,14,0,None,,,0,14,14,14,24.841021599946544,,,,,,,,,24.829044099897146,24.841021599946544,25.04111250001006,25.04111250001006,25.04111250001006,25.74095799983479,26.541038299910724,26.52456339984201,None,,,,,,,,,,002 ,001,2025-11-19_15h31.27.907,N back,,2025.1.1,59.98951386486874,2025-11-19 15h31.38.160497 +0530,
R,15,15,0,None,,,0,15,15,15,26.541038299910724,,,,,,,,,26.5297159999609,26.541038299910724,26.74098649993539,26.74098649993539,26.74098649993539,27.44094519992359,28.240925499936566,28.224526799982414,None,,,,,,,,,,002 ,001,2025-11-19_15h31.27.907,N back,,2025.1.1,59.98951386486874,2025-11-19 15h31.38.160497 +0530,
R,16,16,0,space,0.4091618999373168,0.13198240008205175,0,16,16,16,28.240925499936566,,,,,,,,,28.224736699834466,28.240925499936566,28.44102599984035,28.44102599984035,28.44102599984035,29.140912799863145,29.94093279982917,29.924461100017652,space,0.4091618999373168,0.13198240008205175,,,,,,,,002 ,001,2025-11-19_15h31.27.907,N back,,2025.1.1,59.98951386486874,2025-11-19 15h31.38.160497 +0530,
T,17,17,0,None,,,0,17,17,17,29.94093279982917,,,,,,,,,29.927123700035736,29.94093279982917,30.141135799931362,30.141135799931362,30.141135799931362,30.840942699927837,31.64090249990113,31.6243939998094,None,,,,,,,,,,002 ,001,2025-11-19_15h31.27.907,N back,,2025.1.1,59.98951386486874,2025-11-19 15h31.38.160497 +0530,
V,18,18,0,None,,,0,18,18,18,31.64090249990113,,,,,,,,,31.629088699817657,31.64090249990113,31.84091109992005,31.84091109992005,31.84091109992005,32.54087159992196,33.340845899889246,33.324401799822226,None,,,,,,,,,,002 ,001,2025-11-19_15h31.27.907,N back,,2025.1.1,59.98951386486874,2025-11-19 15h31.38.160497 +0530,
W,19,19,0,None,,,0,19,19,19,33.340845899889246,,,,,,,,,33.32698250003159,33.340845899889246,33.540838399901986,33.540838399901986,33.540838399901986,34.240845599910244,35.040870199911296,35.02445929986425,None,,,,,,,,,,002 ,001,2025-11-19_15h31.27.907,N back,,2025.1.1,59.98951386486874,2025-11-19 15h31.38.160497 +0530,
W,20,20,0,space,0.3682174999266863,0.15724289999343455,0,20,20,20,35.040870199911296,,,,,,,,,35.02466759993695,35.040870199911296,35.240794099867344,35.240794099867344,35.240794099867344,35.940781799843535,36.74078599992208,36.724299599882215,space,0.3682174999266863,0.15724289999343455,,,,,,,,002 ,001,2025-11-19_15h31.27.907,N back,,2025.1.1,59.98951386486874,2025-11-19 15h31.38.160497 +0530,
X,21,21,0,None,,,0,21,21,21,36.74078599992208,,,,,,,,,36.728726599831134,36.74078599992208,36.94082669983618,36.94082669983618,36.94082669983618,37.64077049982734,38.44074109988287,38.42431529983878,None,,,,,,,,,,002 ,001,2025-11-19_15h31.27.907,N back,,2025.1.1,59.98951386486874,2025-11-19 15h31.38.160497 +0530,
Z,22,22,0,None,,,0,22,22,22,38.44074109988287,,,,,,,,,38.42866859980859,38.44074109988287,38.64087120001204,38.64087120001204,38.64087120001204,39.34079819987528,40.14068179996684,40.124229499837384,None,,,,,,,,,,002 ,001,2025-11-19_15h31.27.907,N back,,2025.1.1,59.98951386486874,2025-11-19 15h31.38.160497 +0530,
A,23,23,0,None,,,0,23,23,23,40.14068179996684,,,,,,,,,40.12683600001037,40.14068179996684,40.34068170003593,40.34068170003593,40.34068170003593,41.04071390000172,41.840666099917144,41.82432619994506,None,,,,,,,,,,002 ,001,2025-11-19_15h31.27.907,N back,,2025.1.1,59.98951386486874,2025-11-19 15h31.38.160497 +0530,
A,24,24,0,space,0.5410857999231666,0.15219700010493398,0,24,24,24,41.840666099917144,,,,,,,,,41.82457389985211,41.840666099917144,42.040672400034964,42.040672400034964,42.040672400034964,42.740655599860474,43.54066289984621,43.52432139986195,space,0.5410857999231666,0.15219700010493398,,,,,,,,002 ,001,2025-11-19_15h31.27.907,N back,,2025.1.1,59.98951386486874,2025-11-19 15h31.38.160497 +0530,
C,25,25,0,None,,,0,25,25,25,43.54066289984621,,,,,,,,,43.526931799948215,43.54066289984621,43.74067149986513,43.74067149986513,43.74067149986513,44.44055960001424,45.240642099874094,45.22423589997925,None,,,,,,,,,,002 ,001,2025-11-19_15h31.27.907,N back,,2025.1.1,59.98951386486874,2025-11-19 15h31.38.160497 +0530,
D,26,26,0,None,,,0,26,26,26,45.240642099874094,,,,,,,,,45.226855099899694,45.240642099874094,45.44061019993387,45.44061019993387,45.44061019993387,46.14058130001649,46.94070709985681,46.92419349984266,None,,,,,,,,,,002 ,001,2025-11-19_15h31.27.907,N back,,2025.1.1,59.98951386486874,2025-11-19 15h31.38.160497 +0530,
E,27,27,0,None,,,0,27,27,27,46.94070709985681,,,,,,,,,46.927243599900976,46.94070709985681,47.14059169986285,47.14059169986285,47.14059169986285,47.840577399823815,48.640519599895924,48.62414649990387,None,,,,,,,,,,002 ,001,2025-11-19_15h31.27.907,N back,,2025.1.1,59.98951386486874,2025-11-19 15h31.38.160497 +0530,
F,28,28,0,None,,,0,28,28,28,48.640519599895924,,,,,,,,,48.62686700001359,48.640519599895924,48.8405088998843,48.8405088998843,48.8405088998843,49.54053579992615,50.34058099985123,50.32407859992236,None,,,,,,,,,,002 ,001,2025-11-19_15h31.27.907,N back,,2025.1.1,59.98951386486874,2025-11-19 15h31.38.160497 +0530,
F,29,29,0,space,0.6738946000114083,0.17648090003058314,0,29,29,29,50.34058099985123,,,,,,,,,50.32430600002408,50.34058099985123,50.54050399991684,50.54050399991684,50.54050399991684,51.240537100005895,52.04048920003697,52.02403780003078,space,0.6738946000114083,0.17648090003058314,,,,,,,,002 ,001,2025-11-19_15h31.27.907,N back,,2025.1.1,59.98951386486874,2025-11-19 15h31.38.160497 +0530,
H,30,30,0,None,,,0,30,30,30,52.04048920003697,,,,,,,,,52.02692159987055,52.04048920003697,52.240473199868575,52.240473199868575,52.240473199868575,52.940388299990445,53.740497699938715,53.723939299816266,None,,,,,,,,,,002 ,001,2025-11-19_15h31.27.907,N back,,2025.1.1,59.98951386486874,2025-11-19 15h31.38.160497 +0530,
J,31,31,0,None,,,0,31,31,31,53.740497699938715,,,,,,,,,53.726714599877596,53.740497699938715,53.94044999987818,53.94044999987818,53.94044999987818,54.640392899978906,55.44040029984899,55.42386749992147,None,,,,,,,,,,002 ,001,2025-11-19_15h31.27.907,N back,,2025.1.1,59.98951386486874,2025-11-19 15h31.38.160497 +0530,
L,32,32,0,None,,,0,32,32,32,55.44040029984899,,,,,,,,,55.426476900000125,55.44040029984899,55.64039329998195,55.64039329998195,55.64039329998195,56.340365699958056,57.14038260001689,57.123931699898094,None,,,,,,,,,,002 ,001,2025-11-19_15h31.27.907,N back,,2025.1.1,59.98951386486874,2025-11-19 15h31.38.160497 +0530,
L,33,33,0,space,0.4008798999711871,0.16217600018717349,0,33,33,33,57.14038260001689,,,,,,,,,57.12415409996174,57.14038260001689,57.34034430002794,57.34034430002794,57.34034430002794,58.04033240000717,58.84033179981634,58.82393609988503,space,0.4008798999711871,0.16217600018717349,,,,,,,,002 ,001,2025-11-19_15h31.27.907,N back,,2025.1.1,59.98951386486874,2025-11-19 15h31.38.160497 +0530,
N,34,34,0,None,,,0,34,34,34,58.84033179981634,,,,,,,,,58.828625599853694,58.84033179981634,59.040358499856666,59.040358499856666,59.040358499856666,59.74024789989926,60.540498099988326,60.52397879981436,None,,,,,,,,,,002 ,001,2025-11-19_15h31.27.907,N back,,2025.1.1,59.98951386486874,2025-11-19 15h31.38.160497 +0530,
P,35,35,0,None,,,0,35,35,35,60.540498099988326,,,,,,,,,60.52627329993993,60.540498099988326,60.74036219995469,60.74036219995469,60.74036219995469,61.440438699908555,62.24038499989547,62.22385609988123,None,,,,,,,,,,002 ,001,2025-11-19_15h31.27.907,N back,,2025.1.1,59.98951386486874,2025-11-19 15h31.38.160497 +0530,
Q,36,36,0,None,,,0,36,36,36,62.24038499989547,,,,,,,,,62.226433399831876,62.24038499989547,62.44042479991913,62.44042479991913,62.44042479991913,63.14036499988288,63.94042779994197,63.92392409988679,None,,,,,,,,,,002 ,001,2025-11-19_15h31.27.907,N back,,2025.1.1,59.98951386486874,2025-11-19 15h31.38.160497 +0530,
Q,37,37,0,space,0.4295254999306053,0.16331920004449785,0,37,37,37,63.94042779994197,,,,,,,,,63.92418129998259,63.94042779994197,64.14035429991782,64.14035429991782,64.14035429991782,64.84025829983875,65.64032679982483,65.6238959999755,space,0.4295254999306053,0.16331920004449785,,,,,,,,002 ,001,2025-11-19_15h31.27.907,N back,,2025.1.1,59.98951386486874,2025-11-19 15h31.38.160497 +0530,
S,38,38,0,None,,,0,38,38,38,65.64032679982483,,,,,,,,,65.62666299985722,65.64032679982483,65.84044339996763,65.84044339996763,65.84044339996763,66.5403599999845,67.34035620000213,67.32387259998359,None,,,,,,,,,,002 ,001,2025-11-19_15h31.27.907,N back,,2025.1.1,59.98951386486874,2025-11-19 15h31.38.160497 +0530,
T,39,39,0,None,,,0,39,39,39,67.34035620000213,,,,,,,,,67.32615879992954,67.34035620000213,67.54035759996623,67.54035759996623,67.54035759996623,68.24006249988452,69.04013510001823,69.02360909990966,None,,,,,,,,,,002 ,001,2025-11-19_15h31.27.907,N back,,2025.1.1,59.98951386486874,2025-11-19 15h31.38.160497 +0530,
T,40,40,0,space,0.581351799890399,0.19855740014463663,0,40,40,40,69.04013510001823,,,,,,,,,69.02384109981358,69.04013510001823,69.24011449981481,69.24011449981481,69.24011449981481,69.94004559982568,70.74012660002336,70.72369159990922,space,0.581351799890399,0.19855740014463663,,,,,,,,002 ,001,2025-11-19_15h31.27.907,N back,,2025.1.1,59.98951386486874,2025-11-19 15h31.38.160497 +0530,
V,41,41,0,None,,,0,41,41,41,70.74012660002336,,,,,,,,,70.72641929984093,70.74012660002336,70.94034139998257,70.94034139998257,70.94034139998257,71.64027889980935,72.44012129982002,72.42355189984664,None,,,,,,,,,,002 ,001,2025-11-19_15h31.27.907,N back,,2025.1.1,59.98951386486874,2025-11-19 15h31.38.160497 +0530,
W,42,42,0,None,,,0,42,42,42,72.44012129982002,,,,,,,,,72.42621229984798,72.44012129982002,72.64004900003783,72.64004900003783,72.64004900003783,73.33995849988423,74.13997150002979,74.12351119983941,None,,,,,,,,,,002 ,001,2025-11-19_15h31.27.907,N back,,2025.1.1,59.98951386486874,2025-11-19 15h31.38.160497 +0530,
Y,43,43,0,None,,,0,43,43,43,74.13997150002979,,,,,,,,,74.12610340001993,74.13997150002979,74.33997679990716,74.33997679990716,74.33997679990716,75.04001279990189,75.84012950002216,75.82362609985285,None,,,,,,,,,,002 ,001,2025-11-19_15h31.27.907,N back,,2025.1.1,59.98951386486874,2025-11-19 15h31.38.160497 +0530,
Y,44,44,0,space,0.5372013999149203,0.16262020007707179,0,44,44,44,75.84012950002216,,,,,,,,,75.82382679986767,75.84012950002216,76.0402002998162,76.0402002998162,76.0402002998162,76.74005699995905,77.54005700000562,77.52357580000535,space,0.5372013999149203,0.16262020007707179,,,,,,,,002 ,001,2025-11-19_15h31.27.907,N back,,2025.1.1,59.98951386486874,2025-11-19 15h31.38.160497 +0530,
Z,45,45,0,None,,,0,45,45,45,77.54005700000562,,,,,,,,,77.52612469997257,77.54005700000562,77.740133699961,77.740133699961,77.740133699961,78.44010899984278,79.24007049994543,79.22358429990709,None,,,,,,,,,,002 ,001,2025-11-19_15h31.27.907,N back,,2025.1.1,59.98951386486874,2025-11-19 15h31.38.160497 +0530,
B,46,46,0,None,,,0,46,46,46,79.24007049994543,,,,,,,,,79.22570750000887,79.24007049994543,79.44003789988346,79.44003789988346,79.44003789988346,80.13986909994856,80.93986279983073,80.92339639994316,None,,,,,,,,,,002 ,001,2025-11-19_15h31.27.907,N back,,2025.1.1,59.98951386486874,2025-11-19 15h31.38.160497 +0530,
D,47,47,0,None,,,0,47,47,47,80.93986279983073,,,,,,,,,80.92606159998104,80.93986279983073,81.1398909999989,81.1398909999989,81.1398909999989,81.83984859986231,82.63993970002048,82.62339879991487,None,,,,,,,,,,002 ,001,2025-11-19_15h31.27.907,N back,,2025.1.1,59.98951386486874,2025-11-19 15h31.38.160497 +0530,
D,48,48,0,space,0.6053663999773562,0.1723289000801742,0,48,48,48,82.63993970002048,,,,,,,,,82.62360789999366,82.63993970002048,82.8398452999536,82.8398452999536,82.8398452999536,83.53976739989594,84.339824100025,84.32331529981457,space,0.6053663999773562,0.1723289000801742,,,,,,,,002 ,001,2025-11-19_15h31.27.907,N back,,2025.1.1,59.98951386486874,2025-11-19 15h31.38.160497 +0530,
F,49,49,0,None,,,0,49,49,49,84.339824100025,,,,,,,,,84.32594459992833,84.339824100025,84.53973319986835,84.53973319986835,84.53973319986835,85.23975649988279,86.03970739990473,86.02330669993535,None,,,,,,,,,,002 ,001,2025-11-19_15h31.27.907,N back,,2025.1.1,59.98951386486874,2025-11-19 15h31.38.160497 +0530,
G,50,50,0,None,,,0,50,50,50,86.03970739990473,,,,,,,,,86.02802399988286,86.03970739990473,86.2397007998079,86.2397007998079,86.2397007998079,86.93972110003233,87.7397978999652,87.72338999994099,None,,,,,,,,,,002 ,001,2025-11-19_15h31.27.907,N back,,2025.1.1,59.98951386486874,2025-11-19 15h31.38.160497 +0530,
G,51,51,0,space,1.0397014999762177,0.15208860021084547,0,51,51,51,87.7397978999652,,,,,,,,,87.72361669992097,87.7397978999652,87.93973580002785,87.93973580002785,87.93973580002785,88.6396262999624,89.43972589983605,89.42326759989373,space,1.0397014999762177,0.15208860021084547,,,,,,,,002 ,001,2025-11-19_15h31.27.907,N back,,2025.1.1,59.98951386486874,2025-11-19 15h31.38.160497 +0530,
H,52,52,0,None,,,0,52,52,52,89.43972589983605,,,,,,,,,89.42587489983998,89.43972589983605,89.63972590002231,89.63972590002231,89.63972590002231,90.33961699996144,91.13965979986824,91.12318719993345,None,,,,,,,,,,002 ,001,2025-11-19_15h31.27.907,N back,,2025.1.1,59.98951386486874,2025-11-19 15h31.38.160497 +0530,
J,53,53,0,None,,,0,53,53,53,91.13965979986824,,,,,,,,,91.1258630999364,91.13965979986824,91.33961269981228,91.33961269981228,91.33961269981228,92.03964139986783,92.83960609999485,92.82320809992962,None,,,,,,,,,,002 ,001,2025-11-19_15h31.27.907,N back,,2025.1.1,59.98951386486874,2025-11-19 15h31.38.160497 +0530,
K,54,54,0,None,,,0,54,54,54,92.83960609999485,,,,,,,,,92.82626089989208,92.83960609999485,93.03956579999067,93.03956579999067,93.03956579999067,93.73956739995629,94.53958849981427,94.52317399997264,None,,,,,,,,,,002 ,001,2025-11-19_15h31.27.907,N back,,2025.1.1,59.98951386486874,2025-11-19 15h31.38.160497 +0530,
K,55,55,0,space,0.5766042999457568,0.1922832999844104,0,55,55,55,94.53958849981427,,,,,,,,,94.52340990002267,94.53958849981427,94.73959559993818,94.73959559993818,94.73959559993818,95.43948649987578,96.23958779987879,96.22304269997403,space,0.5766042999457568,0.1922832999844104,,,,,,,,002 ,001,2025-11-19_15h31.27.907,N back,,2025.1.1,59.98951386486874,2025-11-19 15h31.38.160497 +0530,
M,56,56,0,None,,,0,56,56,56,96.23958779987879,,,,,,,,,96.2257373998873,96.23958779987879,96.43956179986708,96.43956179986708,96.43956179986708,97.13961059995927,97.93951799999923,97.92307539982721,None,,,,,,,,,,002 ,001,2025-11-19_15h31.27.907,N back,,2025.1.1,59.98951386486874,2025-11-19 15h31.38.160497 +0530,
N,57,57,0,None,,,0,57,57,57,97.93951799999923,,,,,,,,,97.92561879986897,97.93951799999923,98.139518099837,98.139518099837,98.139518099837,98.83944469993003,99.6394572998397,99.62306669983082,None,,,,,,,,,,002 ,001,2025-11-19_15h31.27.907,N back,,2025.1.1,59.98951386486874,2025-11-19 15h31.38.160497 +0530,
N,58,58,0,space,0.9349685998167843,0.12188740004785359,0,58,58,58,99.6394572998397,,,,,,,,,99.62327439989895,99.6394572998397,99.83949249982834,99.83949249982834,99.83949249982834,100.53938620002009,101.33945610001683,101.32301909988746,space,0.9349685998167843,0.12188740004785359,,,,,,,,002 ,001,2025-11-19_15h31.27.907,N back,,2025.1.1,59.98951386486874,2025-11-19 15h31.38.160497 +0530,
P,59,59,0,None,,,0,59,59,59,101.33945610001683,,,,,,,,,101.3256090998184,101.33945610001683,101.53945059981197,101.53945059981197,101.53945059981197,102.23939169989899,103.03940499993041,103.02295499993488,None,,,,,,,,,,002 ,001,2025-11-19_15h31.27.907,N back,,2025.1.1,59.98951386486874,2025-11-19 15h31.38.160497 +0530,
R,60,60,0,None,,,0,60,60,60,103.03940499993041,,,,,,,,,103.02555789984763,103.03940499993041,103.23939140001312,103.23939140001312,103.23939140001312,103.9394296000246,104.73931610002182,104.72290469985455,None,,,,,,,,,,002 ,001,2025-11-19_15h31.27.907,N back,,2025.1.1,59.98951386486874,2025-11-19 15h31.38.160497 +0530,
R,61,61,0,None,,,0,61,61,61,104.73931610002182,,,,,,,,,104.72310619987547,104.73931610002182,104.93932899995707,104.93932899995707,104.93932899995707,105.63944159983657,106.43952229991555,106.42298579984345,None,,,,,,,,,,002 ,001,2025-11-19_15h31.27.907,N back,,2025.1.1,59.98951386486874,2025-11-19 15h31.38.160497 +0530,
S,62,62,0,None,,,0,62,62,62,106.43952229991555,,,,,,,,,106.42581419995986,106.43952229991555,106.63934289989993,106.63934289989993,106.63934289989993,107.33923579985276,108.13929339987226,108.12285729986615,None,,,,,,,,,,002 ,001,2025-11-19_15h31.27.907,N back,,2025.1.1,59.98951386486874,2025-11-19 15h31.38.160497 +0530,
T,63,63,0,None,,,0,63,63,63,108.13929339987226,,,,,,,,,108.12547559989616,108.13929339987226,108.33929489995353,108.33929489995353,108.33929489995353,109.03923309990205,109.83924649981782,109.82280840002932,None,,,,,,,,,,002 ,001,2025-11-19_15h31.27.907,N back,,2025.1.1,59.98951386486874,2025-11-19 15h31.38.160497 +0530,
V,64,64,0,None,,,0,64,64,64,109.83924649981782,,,,,,,,,109.82581039983779,109.83924649981782,110.0392122999765,110.0392122999765,110.0392122999765,110.73921120003797,111.5391982998699,111.52272220002487,None,,,,,,,,,,002 ,001,2025-11-19_15h31.27.907,N back,,2025.1.1,59.98951386486874,2025-11-19 15h31.38.160497 +0530,
V,65,65,0,space,0.7591444000136107,0.1319164999295026,0,65,65,65,111.5391982998699,,,,,,,,,111.5229388999287,111.5391982998699,111.73922979994677,111.73922979994677,111.73922979994677,112.43915140000172,113.23926139995456,113.22278980002739,space,0.7591444000136107,0.1319164999295026,,,,,,,,002 ,001,2025-11-19_15h31.27.907,N back,,2025.1.1,59.98951386486874,2025-11-19 15h31.38.160497 +0530,
X,66,66,0,None,,,0,66,66,66,113.23926139995456,,,,,,,,,113.2254558999557,113.23926139995456,113.4391979998909,113.4391979998909,113.4391979998909,114.13918279996142,114.93916990002617,114.92270260001533,None,,,,,,,,,,002 ,001,2025-11-19_15h31.27.907,N back,,2025.1.1,59.98951386486874,2025-11-19 15h31.38.160497 +0530,
Y,67,67,0,None,,,0,67,67,67,114.93916990002617,,,,,,,,,114.92531149997376,114.93916990002617,115.13915489986539,115.13915489986539,115.13915489986539,115.83930490002967,116.63908829982392,116.62271559983492,None,,,,,,,,,,002 ,001,2025-11-19_15h31.27.907,N back,,2025.1.1,59.98951386486874,2025-11-19 15h31.38.160497 +0530,
Y,68,68,0,space,0.8144786998163909,0.14408080000430346,0,68,68,68,116.63908829982392,,,,,,,,,116.6229540000204,116.63908829982392,116.83913179999217,116.83913179999217,116.83913179999217,117.53907929989509,118.33908119983971,118.32261679996736,space,0.8144786998163909,0.14408080000430346,,,,,,,,002 ,001,2025-11-19_15h31.27.907,N back,,2025.1.1,59.98951386486874,2025-11-19 15h31.38.160497 +0530,
Z,69,69,0,None,,,0,69,69,69,118.33908119983971,,,,,,,,,118.32521279994398,118.33908119983971,118.53908120002598,118.53908120002598,118.53908120002598,119.23898899997585,120.0390091999434,120.02254249993712,None,,,,,,,,,,002 ,001,2025-11-19_15h31.27.907,N back,,2025.1.1,59.98951386486874,2025-11-19 15h31.38.160497 +0530,
A,70,70,0,None,,,0,70,70,70,120.0390091999434,,,,,,,,,120.02525199996307,120.0390091999434,120.23905969993211,120.23905969993211,120.23905969993211,120.93900419981219,121.73902069986798,121.72255669999868,None,,,,,,,,,,002 ,001,2025-11-19_15h31.27.907,N back,,2025.1.1,59.98951386486874,2025-11-19 15h31.38.160497 +0530,
C,71,71,0,None,,,0,71,71,71,121.73902069986798,,,,,,,,,121.72512650000863,121.73902069986798,121.93899229983799,121.93899229983799,121.93899229983799,122.638908599969,123.43896299996413,123.42252829996869,None,,,,,,,,,,002 ,001,2025-11-19_15h31.27.907,N back,,2025.1.1,59.98951386486874,2025-11-19 15h31.38.160497 +0530,
C,72,72,0,space,1.0923401999752969,0.13200760004110634,0,72,72,72,123.43896299996413,,,,,,,,,123.42273089988157,123.43896299996413,123.63900419999845,123.63900419999845,123.63900419999845,124.3388861999847,125.1389927000273,125.12247499986552,space,1.0923401999752969,0.13200760004110634,,,,,,,,002 ,001,2025-11-19_15h31.27.907,N back,,2025.1.1,59.98951386486874,2025-11-19 15h31.38.160497 +0530,
E,73,73,0,None,,,0,73,73,73,125.1389927000273,,,,,,,,,125.12602710002102,125.1389927000273,125.33896209998056,125.33896209998056,125.33896209998056,126.03884609998204,126.83889189991169,126.82244339981116,None,,,,,,,,,,002 ,001,2025-11-19_15h31.27.907,N back,,2025.1.1,59.98951386486874,2025-11-19 15h31.38.160497 +0530,
F,74,74,0,None,,,0,74,74,74,126.83889189991169,,,,,,,,,126.8250565000344,126.83889189991169,127.0388756999746,127.0388756999746,127.0388756999746,127.73884829995222,128.53883440000936,128.52272929996252,None,,,,,,,,,,002 ,001,2025-11-19_15h31.27.907,N back,,2025.1.1,59.98951386486874,2025-11-19 15h31.38.160497 +0530,
H,75,75,0,None,,,0,75,75,75,128.53883440000936,,,,,,,,,128.52548459987156,128.53883440000936,128.73888419987634,128.73888419987634,128.73888419987634,129.4388168998994,130.23881280003116,130.22233160003088,None,,,,,,,,,,002 ,001,2025-11-19_15h31.27.907,N back,,2025.1.1,59.98951386486874,2025-11-19 15h31.38.160497 +0530,
H,76,76,0,space,1.3533171000890434,None,0,76,76,76,130.23881280003116,,,,,,,,,130.2225387999788,130.23881280003116,130.43882089992985,130.43882089992985,130.43882089992985,131.1387765998952,131.9388238999527,131.92234079982154,space,1.3533171000890434,None,,,,,,,,002 ,001,2025-11-19_15h31.27.907,N back,,2025.1.1,59.98951386486874,2025-11-19 15h31.38.160497 +0530,
J,77,77,0,None,,,0,77,77,77,131.9388238999527,,,,,,,,,131.92500930000097,131.9388238999527,132.13874009996653,132.13874009996653,132.13874009996653,132.8387489998713,133.63880959991366,133.6222975999117,None,,,,,,,,,,002 ,001,2025-11-19_15h31.27.907,N back,,2025.1.1,59.98951386486874,2025-11-19 15h31.38.160497 +0530,
K,78,78,0,None,,,0,78,78,78,133.63880959991366,,,,,,,,,133.62493759999052,133.63880959991366,133.83878150000237,133.83878150000237,133.83878150000237,134.53882030001841,135.33875379990786,135.32231869990937,None,,,,,,,,,,002 ,001,2025-11-19_15h31.27.907,N back,,2025.1.1,59.98951386486874,2025-11-19 15h31.38.160497 +0530,
M,79,79,0,None,,,0,79,79,79,135.33875379990786,,,,,,,,,135.3250618998427,135.33875379990786,135.53873039991595,135.53873039991595,135.53873039991595,136.23869579983875,137.0387400998734,137.02225959999487,None,,,,,,,,,,002 ,001,2025-11-19_15h31.27.907,N back,,2025.1.1,59.98951386486874,2025-11-19 15h31.38.160497 +0530,
M,80,80,0,space,0.8449608001392335,0.13188460003584623,0,80,80,80,137.0387400998734,,,,,,,,,137.02246230002493,137.0387400998734,137.23869529995136,137.23869529995136,137.23869529995136,137.93859569984488,138.73868299997412,138.72225590003654,space,0.8449608001392335,0.13188460003584623,,,,,,,,002 ,001,2025-11-19_15h31.27.907,N back,,2025.1.1,59.98951386486874,2025-11-19 15h31.38.160497 +0530,
N,81,81,0,None,,,0,81,81,81,138.73868299997412,,,,,,,,,138.72486489987932,138.73868299997412,138.93868349981494,138.93868349981494,138.93868349981494,139.63869549985975,140.43863360001706,140.42215209989808,None,,,,,,,,,,002 ,001,2025-11-19_15h31.27.907,N back,,2025.1.1,59.98951386486874,2025-11-19 15h31.38.160497 +0530,
P,82,82,0,None,,,0,82,82,82,140.43863360001706,,,,,,,,,140.42524209991097,140.43863360001706,140.63894660002552,140.63894660002552,140.63894660002552,141.33872030000202,142.1387147998903,142.12234400003217,None,,,,,,,,,,002 ,001,2025-11-19_15h31.27.907,N back,,2025.1.1,59.98951386486874,2025-11-19 15h31.38.160497 +0530,
Q,83,83,0,None,,,0,83,83,83,142.1387147998903,,,,,,,,,142.1249577999115,142.1387147998903,142.33857279992662,142.33857279992662,142.33857279992662,143.03857459989376,143.8385528998915,143.82207989995368,None,,,,,,,,,,002 ,001,2025-11-19_15h31.27.907,N back,,2025.1.1,59.98951386486874,2025-11-19 15h31.38.160497 +0530,
Q,84,84,0,space,0.7075672000646591,0.13685649982653558,0,84,84,84,143.8385528998915,,,,,,,,,143.82228929991834,143.8385528998915,144.03852649987675,144.03852649987675,144.03852649987675,144.7384472999256,145.53847399982624,145.52206819993444,space,0.7075672000646591,0.13685649982653558,,,,,,,,002 ,001,2025-11-19_15h31.27.907,N back,,2025.1.1,59.98951386486874,2025-11-19 15h31.38.160497 +0530,
R,85,85,0,None,,,0,85,85,85,145.53847399982624,,,,,,,,,145.52474829996936,145.53847399982624,145.73853099998087,145.73853099998087,145.73853099998087,146.43849459988996,147.23846649983898,147.22208380000666,None,,,,,,,,,,002 ,001,2025-11-19_15h31.27.907,N back,,2025.1.1,59.98951386486874,2025-11-19 15h31.38.160497 +0530,
T,86,86,0,None,,,0,86,86,86,147.23846649983898,,,,,,,,,147.22464419994503,147.23846649983898,147.43842709995806,147.43842709995806,147.43842709995806,148.1384684999939,148.93840929982252,148.9218953999225,None,,,,,,,,,,002 ,001,2025-11-19_15h31.27.907,N back,,2025.1.1,59.98951386486874,2025-11-19 15h31.38.160497 +0530,
T,87,87,0,space,0.7183531001210213,0.13805880001746118,0,87,87,87,148.93840929982252,,,,,,,,,148.92210470000282,148.93840929982252,149.13842339999974,149.13842339999974,149.13842339999974,149.8383609999437,150.63840879988857,150.6219371999614,space,0.7183531001210213,0.13805880001746118,,,,,,,,002 ,001,2025-11-19_15h31.27.907,N back,,2025.1.1,59.98951386486874,2025-11-19 15h31.38.160497 +0530,
V,88,88,0,None,,,0,88,88,88,150.63840879988857,,,,,,,,,150.62453639996238,150.63840879988857,150.83838370000012,150.83838370000012,150.83838370000012,151.53836050000973,152.33836309984326,152.32191019994207,None,,,,,,,,,,002 ,001,2025-11-19_15h31.27.907,N back,,2025.1.1,59.98951386486874,2025-11-19 15h31.38.160497 +0530,
W,89,89,0,None,,,0,89,89,89,152.33836309984326,,,,,,,,,152.32450559991412,152.33836309984326,152.538368599955,152.538368599955,152.538368599955,153.23831499996595,154.03832789999433,154.02185030002147,None,,,,,,,,,,002 ,001,2025-11-19_15h31.27.907,N back,,2025.1.1,59.98951386486874,2025-11-19 15h31.38.160497 +0530,
X,90,90,0,None,,,0,90,90,90,154.03832789999433,,,,,,,,,154.02444670000114,154.03832789999433,154.23839499987662,154.23839499987662,154.23839499987662,154.9382913999725,155.7382624000311,155.72184439981356,None,,,,,,,,,,002 ,001,2025-11-19_15h31.27.907,N back,,2025.1.1,59.98951386486874,2025-11-19 15h31.38.160497 +0530,
X,91,91,0,None,,,0,91,91,91,155.7382624000311,,,,,,,,,155.7220478998497,155.7382624000311,155.9382515999023,155.9382515999023,155.9382515999023,156.63826399995014,157.43827309994958,157.42230780003592,None,,,,,,,,,,002 ,001,2025-11-19_15h31.27.907,N back,,2025.1.1,59.98951386486874,2025-11-19 15h31.38.160497 +0530,
Z,92,92,0,None,,,0,92,92,92,157.43827309994958,,,,,,,,,157.42536560003646,157.43827309994958,157.6382461998146,157.6382461998146,157.6382461998146,158.33825619984418,159.13825519988313,159.12179539981298,None,,,,,,,,,,002 ,001,2025-11-19_15h31.27.907,N back,,2025.1.1,59.98951386486874,2025-11-19 15h31.38.160497 +0530,
A,93,93,0,None,,,0,93,93,93,159.13825519988313,,,,,,,,,159.12436309992336,159.13825519988313,159.33814629982226,159.33814629982226,159.33814629982226,160.03821479994804,160.838232900016,160.82179700001143,None,,,,,,,,,,002 ,001,2025-11-19_15h31.27.907,N back,,2025.1.1,59.98951386486874,2025-11-19 15h31.38.160497 +0530,
B,94,94,0,None,,,0,94,94,94,160.838232900016,,,,,,,,,160.82449889997952,160.838232900016,161.0382079000119,161.0382079000119,161.0382079000119,161.73810849990696,162.53817549999803,162.52169819991104,None,,,,,,,,,,002 ,001,2025-11-19_15h31.27.907,N back,,2025.1.1,59.98951386486874,2025-11-19 15h31.38.160497 +0530,
B,95,95,0,space,0.8892506000120193,0.1523145001847297,0,95,95,95,162.53817549999803,,,,,,,,,162.52195740002207,162.53817549999803,162.73808889999054,162.73808889999054,162.73808889999054,163.43808819982223,164.23811009991914,164.2217105999589,space,0.8892506000120193,0.1523145001847297,,,,,,,,002 ,001,2025-11-19_15h31.27.907,N back,,2025.1.1,59.98951386486874,2025-11-19 15h31.38.160497 +0530,
D,96,96,0,None,,,0,96,96,96,164.23811009991914,,,,,,,,,164.22451870003715,164.23811009991914,164.43814099999145,164.43814099999145,164.43814099999145,165.13804899994284,165.93814869993366,165.9215973999817,None,,,,,,,,,,002 ,001,2025-11-19_15h31.27.907,N back,,2025.1.1,59.98951386486874,2025-11-19 15h31.38.160497 +0530,
F,97,97,0,None,,,0,97,97,97,165.93814869993366,,,,,,,,,165.92442319984548,165.93814869993366,166.1380280999001,166.1380280999001,166.1380280999001,166.83804209996015,167.63802339998074,167.6216080999002,None,,,,,,,,,,002 ,001,2025-11-19_15h31.27.907,N back,,2025.1.1,59.98951386486874,2025-11-19 15h31.38.160497 +0530,
N,98,98,0,None,,,0,98,98,98,167.63802339998074,,,,,,,,,167.62425799993798,167.63802339998074,167.83807529998012,167.83807529998012,167.83807529998012,168.53818819997832,169.33814739994705,169.3216425999999,None,,,,,,,,,,002 ,001,2025-11-19_15h31.27.907,N back,,2025.1.1,59.98951386486874,2025-11-19 15h31.38.160497 +0530,
N,99,99,0,space,0.41621690010651946,0.13618550007231534,0,99,99,99,169.33814739994705,,,,,,,,,169.32182700000703,169.33814739994705,169.53813440003432,169.53813440003432,169.53813440003432,170.2388161998242,171.0379810000304,171.02150769997388,space,0.41621690010651946,0.13618550007231534,,,,,,,,002 ,001,2025-11-19_15h31.27.907,N back,,2025.1.1,59.98951386486874,2025-11-19 15h31.38.160497 +0530,
,,,,,,,,,,,,,,,,,,,,,,,,,,,,,,,171.02164269983768,171.0379810000304,171.0379810000304,179.43826540000737,space,8.39219109993428,None,002 ,001,2025-11-19_15h31.27.907,N back,,2025.1.1,59.98951386486874,2025-11-19 15h31.38.160497 +0530,
