study_word,thisN,thisTrialN,thisRepN,slider.response,slider.rt,test_word,Reference,old_new,test_textbox.text,testmouse.x,testmouse.y,testmouse.leftButton,testmouse.midButton,testmouse.rightButton,testmouse.time,testmouse.clicked_name,trials.thisRepN,trials.thisTrialN,trials.thisN,trials.thisIndex,trials_2.thisRepN,trials_2.thisTrialN,trials_2.thisN,trials_2.thisIndex,thisRow.t,notes,trial.started,text.started,slider.started,trial.stopped,trials.slider.response,trials.slider.rt,test.started,TestText.started,test_textbox.started,submit_text.started,testmouse.started,test.stopped,trials_2.test_textbox.text,trials_2.testmouse.x,trials_2.testmouse.y,trials_2.testmouse.leftButton,trials_2.testmouse.midButton,trials_2.testmouse.rightButton,trials_2.testmouse.time,trials_2.testmouse.clicked_name,TestText.stopped,participant,session,date,expName,expVersion,psychopyVersion,frameRate,expStart,
Chart,0,0,0,1,1.4597264000003634,,,,,,,,,,,,0,0,0,6,,,,,0.02311830000144255,,0.013813400000799447,0.02311830000144255,0.02311830000144255,1.4897006999999576,1,1.4597264000003634,,,,,,,,,,,,,,,,2,001,2025-10-16_10h37.19.402,word priming,,2025.1.1,60.073806678782525,2025-10-16 10h37.25.111980 +0530,
cushion,1,1,0,1,0.18040110000038112,,,,,,,,,,,,0,1,1,1,,,,,1.5050146000012319,,1.494653499999913,1.5050146000012319,1.5050146000012319,1.6893786000000546,1,0.18040110000038112,,,,,,,,,,,,,,,,2,001,2025-10-16_10h37.19.402,word priming,,2025.1.1,60.073806678782525,2025-10-16 10h37.25.111980 +0530,
Laptop ,2,2,0,1,0.17853110000032757,,,,,,,,,,,,0,2,2,5,,,,,1.7050673000012466,,1.6949509000005492,1.7050673000012466,1.7050673000012466,1.8890822000012122,1,0.17853110000032757,,,,,,,,,,,,,,,,2,001,2025-10-16_10h37.19.402,word priming,,2025.1.1,60.073806678782525,2025-10-16 10h37.25.111980 +0530,
book,3,3,0,1,0.16594379999878583,,,,,,,,,,,,0,3,3,0,,,,,1.904994300000908,,1.8916079999999056,1.904994300000908,1.904994300000908,2.0732079000008525,1,0.16594379999878583,,,,,,,,,,,,,,,,2,001,2025-10-16_10h37.19.402,word priming,,2025.1.1,60.073806678782525,2025-10-16 10h37.25.111980 +0530,
Pastry,4,4,0,1,0.17905099999916274,,,,,,,,,,,,0,4,4,9,,,,,2.0888419000002614,,2.0790714000013395,2.0888419000002614,2.0888419000002614,2.2731941000001825,1,0.17905099999916274,,,,,,,,,,,,,,,,2,001,2025-10-16_10h37.19.402,word priming,,2025.1.1,60.073806678782525,2025-10-16 10h37.25.111980 +0530,
marble,5,5,0,1,0.1955346999984613,,,,,,,,,,,,0,5,5,3,,,,,2.28875970000081,,2.2779375999998592,2.28875970000081,2.28875970000081,2.489809700000478,1,0.1955346999984613,,,,,,,,,,,,,,,,2,001,2025-10-16_10h37.19.402,word priming,,2025.1.1,60.073806678782525,2025-10-16 10h37.25.111980 +0530,
board,6,6,0,1,0.17898839999907068,,,,,,,,,,,,0,6,6,4,,,,,2.505256200000076,,2.495077300000048,2.505256200000076,2.505256200000076,2.690476600000693,1,0.17898839999907068,,,,,,,,,,,,,,,,2,001,2025-10-16_10h37.19.402,word priming,,2025.1.1,60.073806678782525,2025-10-16 10h37.25.111980 +0530,
Police,7,7,0,1,0.19657489999917743,,,,,,,,,,,,0,7,7,12,,,,,2.705704699999842,,2.693640999999843,2.705704699999842,2.705704699999842,2.906610800000635,1,0.19657489999917743,,,,,,,,,,,,,,,,2,001,2025-10-16_10h37.19.402,word priming,,2025.1.1,60.073806678782525,2025-10-16 10h37.25.111980 +0530,
Keys,8,8,0,1,0.1636261999992712,,,,,,,,,,,,0,8,8,13,,,,,2.9221379999999044,,2.9103716000008717,2.9221379999999044,2.9221379999999044,3.089585100000477,1,0.1636261999992712,,,,,,,,,,,,,,,,2,001,2025-10-16_10h37.19.402,word priming,,2025.1.1,60.073806678782525,2025-10-16 10h37.25.111980 +0530,
Poster ,9,9,0,1,0.16570130000036443,,,,,,,,,,,,0,9,9,14,,,,,3.1054584000012255,,3.091975100000127,3.1054584000012255,3.1054584000012255,3.2731264000012743,1,0.16570130000036443,,,,,,,,,,,,,,,,2,001,2025-10-16_10h37.19.402,word priming,,2025.1.1,60.073806678782525,2025-10-16 10h37.25.111980 +0530,
T-shirt,10,10,0,1,0.1782941999990726,,,,,,,,,,,,0,10,10,7,,,,,3.2886071000011725,,3.2781802999998035,3.2886071000011725,3.2886071000011725,3.472737500000221,1,0.1782941999990726,,,,,,,,,,,,,,,,2,001,2025-10-16_10h37.19.402,word priming,,2025.1.1,60.073806678782525,2025-10-16 10h37.25.111980 +0530,
mouse,11,11,0,1,0.19843290000062552,,,,,,,,,,,,0,11,11,8,,,,,3.488760700000057,,3.4749953000009555,3.488760700000057,3.488760700000057,3.690017300001273,1,0.19843290000062552,,,,,,,,,,,,,,,,2,001,2025-10-16_10h37.19.402,word priming,,2025.1.1,60.073806678782525,2025-10-16 10h37.25.111980 +0530,
Case,12,12,0,1,0.16424000000006345,,,,,,,,,,,,0,12,12,10,,,,,3.7055318000002444,,3.6930864000005386,3.7055318000002444,3.7055318000002444,3.8728909000001295,1,0.16424000000006345,,,,,,,,,,,,,,,,2,001,2025-10-16_10h37.19.402,word priming,,2025.1.1,60.073806678782525,2025-10-16 10h37.25.111980 +0530,
phone,13,13,0,1,0.18172339999910037,,,,,,,,,,,,0,13,13,2,,,,,3.8885906000014074,,3.87539470000047,3.8885906000014074,3.8885906000014074,4.073556800000006,1,0.18172339999910037,,,,,,,,,,,,,,,,2,001,2025-10-16_10h37.19.402,word priming,,2025.1.1,60.073806678782525,2025-10-16 10h37.25.111980 +0530,
Cruise,14,14,0,1,0.18109219999860215,,,,,,,,,,,,0,14,14,11,,,,,4.0891478000012285,,4.076150700000653,4.0891478000012285,4.0891478000012285,4.273089600001185,1,0.18109219999860215,,,,,,,,,,,,,,,,2,001,2025-10-16_10h37.19.402,word priming,,2025.1.1,60.073806678782525,2025-10-16 10h37.25.111980 +0530,
,0,0,0,,,K_y_,Keys,old,"keys
","[np.float64(-0.5018518518518519), np.float64(-0.5018518518518519), np.float64(-0.12222222222222222)]","[np.float64(-0.29259259259259257), np.float64(-0.29259259259259257), np.float64(-0.30092592592592593)]","[1, 1, 1]","[0, 0, 0]","[0, 0, 0]","[0.023487299999032984, 0.25702819999969506, 3.857007099999464]","[None, None, 'submit_text']",,,,,0,0,0,8,4.289948900001036,,,,,,,,4.2837917000015295,4.289948900001036,4.289948900001036,4.289948900001036,0.010683599999538274,8.141094399999929,"keys
","[np.float64(-0.5018518518518519), np.float64(-0.5018518518518519), np.float64(-0.12222222222222222)]","[np.float64(-0.29259259259259257), np.float64(-0.29259259259259257), np.float64(-0.30092592592592593)]","[1, 1, 1]","[0, 0, 0]","[0, 0, 0]","[0.023487299999032984, 0.25702819999969506, 3.857007099999464]","[None, None, 'submit_text']",,2,001,2025-10-16_10h37.19.402,word priming,,2025.1.1,60.073806678782525,2025-10-16 10h37.25.111980 +0530,
,1,1,0,,,p_nc_l,pencil ,new ,pencil,[np.float64(0.0787037037037037)],[np.float64(-0.2962962962962963)],[1],[0],[0],[2.9946839999993244],['submit_text'],,,,,0,1,1,16,8.155247400000007,,,,,,,,8.144706300001417,8.155247400000007,8.155247400000007,8.155247400000007,0.003295699998488999,11.139690200001496,pencil,[np.float64(0.0787037037037037)],[np.float64(-0.2962962962962963)],[1],[0],[0],[2.9946839999993244],['submit_text'],,2,001,2025-10-16_10h37.19.402,word priming,,2025.1.1,60.073806678782525,2025-10-16 10h37.25.111980 +0530,
,2,2,0,,,_ru_is_,Cruise,old,cruise,[np.float64(0.0787037037037037)],[np.float64(-0.2962962962962963)],[1],[0],[0],[2.97926870000083],['submit_text'],,,,,0,2,2,6,11.155596500000684,,,,,,,,11.144107600001007,11.155596500000684,11.155596500000684,11.155596500000684,0.004236099999616272,14.123696000000564,cruise,[np.float64(0.0787037037037037)],[np.float64(-0.2962962962962963)],[1],[0],[0],[2.97926870000083],['submit_text'],,2,001,2025-10-16_10h37.19.402,word priming,,2025.1.1,60.073806678782525,2025-10-16 10h37.25.111980 +0530,
,3,3,0,,,T_hi_t,Tshirt,old,tshirt,[np.float64(0.07777777777777778)],[np.float64(-0.31296296296296294)],[1],[0],[0],[2.7626448000009987],['submit_text'],,,,,0,3,3,2,14.138863700000002,,,,,,,,14.127276500001244,14.138863700000002,14.138863700000002,14.138863700000002,0.003437600000324892,16.89019510000071,tshirt,[np.float64(0.07777777777777778)],[np.float64(-0.31296296296296294)],[1],[0],[0],[2.7626448000009987],['submit_text'],,2,001,2025-10-16_10h37.19.402,word priming,,2025.1.1,60.073806678782525,2025-10-16 10h37.25.111980 +0530,
,4,4,0,,,l_pt_p,Laptop,old,laptop,[np.float64(0.07777777777777778)],[np.float64(-0.31296296296296294)],[1],[0],[0],[3.0469782000000123],['submit_text'],,,,,0,4,4,0,16.905581200000597,,,,,,,,16.893634699999893,16.905581200000597,16.905581200000597,16.905581200000597,0.003284499998699175,19.94088120000015,laptop,[np.float64(0.07777777777777778)],[np.float64(-0.31296296296296294)],[1],[0],[0],[3.0469782000000123],['submit_text'],,2,001,2025-10-16_10h37.19.402,word priming,,2025.1.1,60.073806678782525,2025-10-16 10h37.25.111980 +0530,
,5,5,0,,,_a_bl_,Marble ,old,marble,[np.float64(0.09166666666666666)],[np.float64(-0.30185185185185187)],[1],[0],[0],[5.512365799999316],['submit_text'],,,,,0,5,5,11,19.955431600001248,,,,,,,,19.943858500000715,19.955431600001248,19.955431600001248,19.955431600001248,0.0028607000003830763,25.456486200000654,marble,[np.float64(0.09166666666666666)],[np.float64(-0.30185185185185187)],[1],[0],[0],[5.512365799999316],['submit_text'],,2,001,2025-10-16_10h37.19.402,word priming,,2025.1.1,60.073806678782525,2025-10-16 10h37.25.111980 +0530,
,6,6,0,,,_ho_e,Phone ,old,,[np.float64(0.09166666666666666)],[np.float64(-0.30185185185185187)],[1],[0],[0],[21.296949999999924],['submit_text'],,,,,0,6,6,12,25.47202450000077,,,,,,,,25.458957400000145,25.47202450000077,25.47202450000077,25.47202450000077,0.0023598999996465864,46.75644120000106,,[np.float64(0.09166666666666666)],[np.float64(-0.30185185185185187)],[1],[0],[0],[21.296949999999924],['submit_text'],35.47233170000072,2,001,2025-10-16_10h37.19.402,word priming,,2025.1.1,60.073806678782525,2025-10-16 10h37.25.111980 +0530,
,7,7,0,,,ta_l_,table,new ,table,[np.float64(0.09166666666666666)],[np.float64(-0.30185185185185187)],[1],[0],[0],[4.412921600000118],['submit_text'],,,,,0,7,7,15,46.772015600001396,,,,,,,,46.76003630000014,46.772015600001396,46.772015600001396,46.772015600001396,0.003400399999009096,51.17341029999989,table,[np.float64(0.09166666666666666)],[np.float64(-0.30185185185185187)],[1],[0],[0],[4.412921600000118],['submit_text'],,2,001,2025-10-16_10h37.19.402,word priming,,2025.1.1,60.073806678782525,2025-10-16 10h37.25.111980 +0530,
,8,8,0,,,_oo_,book ,old,cool,[np.float64(0.09166666666666666)],[np.float64(-0.30185185185185187)],[1],[0],[0],[3.462379900000087],['submit_text'],,,,,0,8,8,13,51.188321100000394,,,,,,,,51.17747860000054,51.188321100000394,51.188321100000394,51.188321100000394,0.003831799998806673,54.64020250000067,cool,[np.float64(0.09166666666666666)],[np.float64(-0.30185185185185187)],[1],[0],[0],[3.462379900000087],['submit_text'],,2,001,2025-10-16_10h37.19.402,word priming,,2025.1.1,60.073806678782525,2025-10-16 10h37.25.111980 +0530,
,9,9,0,,,P_st_r,Poster,old,pastry,[np.float64(0.09166666666666666)],[np.float64(-0.30185185185185187)],[1],[0],[0],[5.144212999999581],['submit_text'],,,,,0,9,9,9,54.65462060000027,,,,,,,,54.645168200000626,54.65462060000027,54.65462060000027,54.65462060000027,0.00483400000121037,59.7897666000008,pastry,[np.float64(0.09166666666666666)],[np.float64(-0.30185185185185187)],[1],[0],[0],[5.144212999999581],['submit_text'],,2,001,2025-10-16_10h37.19.402,word priming,,2025.1.1,60.073806678782525,2025-10-16 10h37.25.111980 +0530,
,10,10,0,,,_ou_se,mouse,old,mouse,[np.float64(0.09166666666666666)],[np.float64(-0.30185185185185187)],[1],[0],[0],[2.595879000000423],['submit_text'],,,,,0,10,10,3,59.80518579999989,,,,,,,,59.793813899999805,59.80518579999989,59.80518579999989,59.80518579999989,0.003904299999703653,62.39001300000018,mouse,[np.float64(0.09166666666666666)],[np.float64(-0.30185185185185187)],[1],[0],[0],[2.595879000000423],['submit_text'],,2,001,2025-10-16_10h37.19.402,word priming,,2025.1.1,60.073806678782525,2025-10-16 10h37.25.111980 +0530,
,11,11,0,,,_ha_t,Chart,old,chant,[np.float64(0.09166666666666666)],[np.float64(-0.30185185185185187)],[1],[0],[0],[4.927926100001059],['submit_text'],,,,,0,11,11,1,62.40495870000086,,,,,,,,62.39396020000095,62.40495870000086,62.40495870000086,62.40495870000086,0.0037871999993512873,67.32216460000018,chant,[np.float64(0.09166666666666666)],[np.float64(-0.30185185185185187)],[1],[0],[0],[4.927926100001059],['submit_text'],,2,001,2025-10-16_10h37.19.402,word priming,,2025.1.1,60.073806678782525,2025-10-16 10h37.25.111980 +0530,
,12,12,0,,,bo_t_e,bottle ,new ,bottle,[np.float64(0.09166666666666666)],[np.float64(-0.30185185185185187)],[1],[0],[0],[2.7305802000009862],['submit_text'],,,,,0,12,12,18,67.33768280000004,,,,,,,,67.32544539999981,67.33768280000004,67.33768280000004,67.33768280000004,0.0031690000014350517,70.05637410000054,bottle,[np.float64(0.09166666666666666)],[np.float64(-0.30185185185185187)],[1],[0],[0],[2.7305802000009862],['submit_text'],,2,001,2025-10-16_10h37.19.402,word priming,,2025.1.1,60.073806678782525,2025-10-16 10h37.25.111980 +0530,
,13,13,0,,,P_st_y,Pastry,old,pastry,[np.float64(0.09166666666666666)],[np.float64(-0.30185185185185187)],[1],[0],[0],[2.7453482000000804],['submit_text'],,,,,0,13,13,4,70.07144220000009,,,,,,,,70.06042330000128,70.07144220000009,70.07144220000009,70.07144220000009,0.0038918000009289244,72.80612640000072,pastry,[np.float64(0.09166666666666666)],[np.float64(-0.30185185185185187)],[1],[0],[0],[2.7453482000000804],['submit_text'],,2,001,2025-10-16_10h37.19.402,word priming,,2025.1.1,60.073806678782525,2025-10-16 10h37.25.111980 +0530,
,14,14,0,,,c_s_,Case,old,case,[np.float64(0.09166666666666666)],[np.float64(-0.30185185185185187)],[1],[0],[0],[2.430023800001436],['submit_text'],,,,,0,14,14,5,72.82160420000037,,,,,,,,72.80990460000066,72.82160420000037,72.82160420000037,72.82160420000037,0.003555600000254344,75.240240000001,case,[np.float64(0.09166666666666666)],[np.float64(-0.30185185185185187)],[1],[0],[0],[2.430023800001436],['submit_text'],,2,001,2025-10-16_10h37.19.402,word priming,,2025.1.1,60.073806678782525,2025-10-16 10h37.25.111980 +0530,
,15,15,0,,,P_li_e,Police,old,police,[np.float64(0.09166666666666666)],[np.float64(-0.30185185185185187)],[1],[0],[0],[3.0128586999999243],['submit_text'],,,,,0,15,15,7,75.25486210000054,,,,,,,,75.24335109999993,75.25486210000054,75.25486210000054,75.25486210000054,0.0029954000001453096,78.25654680000116,police,[np.float64(0.09166666666666666)],[np.float64(-0.30185185185185187)],[1],[0],[0],[3.0128586999999243],['submit_text'],,2,001,2025-10-16_10h37.19.402,word priming,,2025.1.1,60.073806678782525,2025-10-16 10h37.25.111980 +0530,
,16,16,0,,,v_s_,vase,new ,vase,[np.float64(0.09166666666666666)],[np.float64(-0.30185185185185187)],[1],[0],[0],[2.5760668000002624],['submit_text'],,,,,0,16,16,17,78.27106460000141,,,,,,,,78.2615635000002,78.27106460000141,78.27106460000141,78.27106460000141,0.0048903999995673075,80.83790480000062,vase,[np.float64(0.09166666666666666)],[np.float64(-0.30185185185185187)],[1],[0],[0],[2.5760668000002624],['submit_text'],,2,001,2025-10-16_10h37.19.402,word priming,,2025.1.1,60.073806678782525,2025-10-16 10h37.25.111980 +0530,
,17,17,0,,,c_s_io_,cushion,old,cushion,[np.float64(0.09166666666666666)],[np.float64(-0.30185185185185187)],[1],[0],[0],[3.114940799998294],['submit_text'],,,,,0,17,17,14,80.85414320000018,,,,,,,,80.84060740000132,80.85414320000018,80.85414320000018,80.85414320000018,0.0026095000011991942,83.95589730000029,cushion,[np.float64(0.09166666666666666)],[np.float64(-0.30185185185185187)],[1],[0],[0],[3.114940799998294],['submit_text'],,2,001,2025-10-16_10h37.19.402,word priming,,2025.1.1,60.073806678782525,2025-10-16 10h37.25.111980 +0530,
,18,18,0,,,c_m_ra,camera ,new ,camera,[np.float64(0.09166666666666666)],[np.float64(-0.30185185185185187)],[1],[0],[0],[2.629180500000075],['submit_text'],,,,,0,18,18,19,83.97128570000132,,,,,,,,83.959384400001,83.97128570000132,83.97128570000132,83.97128570000132,0.003337899999678484,86.58890969999993,camera,[np.float64(0.09166666666666666)],[np.float64(-0.30185185185185187)],[1],[0],[0],[2.629180500000075],['submit_text'],,2,001,2025-10-16_10h37.19.402,word priming,,2025.1.1,60.073806678782525,2025-10-16 10h37.25.111980 +0530,
,19,19,0,,,_o_rd,Board,old,chord,[np.float64(0.09166666666666666)],[np.float64(-0.30185185185185187)],[1],[0],[0],[3.4623508999993646],['submit_text'],,,,,0,19,19,10,86.60473650000131,,,,,,,,86.59215589999985,86.60473650000131,86.60473650000131,86.60473650000131,0.0030442000006587477,90.05484350000006,chord,[np.float64(0.09166666666666666)],[np.float64(-0.30185185185185187)],[1],[0],[0],[3.4623508999993646],['submit_text'],,2,001,2025-10-16_10h37.19.402,word priming,,2025.1.1,60.073806678782525,2025-10-16 10h37.25.111980 +0530,
