reward_today,future_reward,delay,thisN,thisTrialN,thisRepN,key_resp.keys,key_resp.rt,key_resp.duration,trials.thisRepN,trials.thisTrialN,trials.thisN,trials.thisIndex,thisRow.t,notes,trial.started,fixation.started,text.started,key_resp.started,fixation.stopped,trial.stopped,trials.key_resp.keys,trials.key_resp.rt,trials.key_resp.duration,participant,session,date,expName,expVersion,psychopyVersion,frameRate,expStart,
9,39,173,0,0,0,t,1.5330085000023246,0.05705909989774227,0,0,0,47,0.14779710001312196,,0.14519569999538362,0.14779710001312196,1.0119908000342548,1.0119908000342548,1.1619999000104144,2.6124685000395402,t,1.5330085000023246,0.05705909989774227,4,001,2025-11-06_17h01.46.324,Delay Discounting,,2025.1.1,60.03081979199527,2025-11-06 17h01.51.631789 +0530,
17,73,92,1,1,0,t,1.1264138000551611,0.12660359998699278,0,1,1,33,2.628739699954167,,2.61672039993573,2.628739699954167,3.6122713999357074,3.6122713999357074,3.6288493999745697,4.879054400022142,t,1.1264138000551611,0.12660359998699278,4,001,2025-11-06_17h01.46.324,Delay Discounting,,2025.1.1,60.03081979199527,2025-11-06 17h01.51.631789 +0530,
20,47,17,2,2,0,t,0.5908618000103161,0.08116329996846616,0,2,2,0,4.895273500005715,,4.884376600035466,4.895273500005715,5.878908699960448,5.878908699960448,5.895854700007476,6.562447499949485,t,0.5908618000103161,0.08116329996846616,4,001,2025-11-06_17h01.46.324,Delay Discounting,,2025.1.1,60.03081979199527,2025-11-06 17h01.51.631789 +0530,
51,86,34,3,3,0,t,0.33197110006585717,0.08616710000205785,0,3,3,79,6.578650000039488,,6.568171099992469,6.578650000039488,7.562393700005487,7.562393700005487,7.579767799936235,7.9960010999348015,t,0.33197110006585717,0.08616710000205785,4,001,2025-11-06_17h01.46.324,Delay Discounting,,2025.1.1,60.03081979199527,2025-11-06 17h01.51.631789 +0530,
14,50,48,4,4,0,t,0.4031246000668034,0.1071515999501571,0,4,4,14,8.012049000011757,,7.9998697999399155,8.012049000011757,8.99577399995178,8.99577399995178,9.012527500046417,9.513143599964678,t,0.4031246000668034,0.1071515999501571,4,001,2025-11-06_17h01.46.324,Delay Discounting,,2025.1.1,60.03081979199527,2025-11-06 17h01.51.631789 +0530,
74,88,82,5,5,0,t,0.6070266999304295,0.10204879997763783,0,5,5,59,9.529093699995428,,9.518511699978262,9.529093699995428,10.512369200005196,10.512369200005196,10.52982139994856,11.229067499982193,t,0.6070266999304295,0.10204879997763783,4,001,2025-11-06_17h01.46.324,Delay Discounting,,2025.1.1,60.03081979199527,2025-11-06 17h01.51.631789 +0530,
25,91,25,6,6,0,t,0.6245362999616191,0.11508660006802529,0,6,6,65,11.246032699942589,,11.231496499967761,11.246032699942589,12.228528399951756,12.228528399951756,12.246249399962835,12.979986199992709,t,0.6245362999616191,0.11508660006802529,4,001,2025-11-06_17h01.46.324,Delay Discounting,,2025.1.1,60.03081979199527,2025-11-06 17h01.51.631789 +0530,
48,92,19,7,7,0,t,0.6506822999799624,0.08602629997767508,0,7,7,98,12.996103600016795,,12.984963299939409,12.996103600016795,13.979637800017372,13.979637800017372,13.995595899992622,14.729851600015536,t,0.6506822999799624,0.08602629997767508,4,001,2025-11-06_17h01.46.324,Delay Discounting,,2025.1.1,60.03081979199527,2025-11-06 17h01.51.631789 +0530,
63,88,20,8,8,0,t,0.8137485000770539,0.10517549992073327,0,8,8,29,14.745826300000772,,14.735125500010327,14.745826300000772,15.745571300038137,15.745571300038137,15.745571300038137,16.679604699951597,t,0.8137485000770539,0.10517549992073327,4,001,2025-11-06_17h01.46.324,Delay Discounting,,2025.1.1,60.03081979199527,2025-11-06 17h01.51.631789 +0530,
60,61,91,9,9,0,t,0.9754646000219509,0.0820909000467509,0,9,9,86,16.695949199958704,,16.685605900012888,16.695949199958704,17.678794299950823,17.678794299950823,17.695953399990685,18.746981299947947,t,0.9754646000219509,0.0820909000467509,4,001,2025-11-06_17h01.46.324,Delay Discounting,,2025.1.1,60.03081979199527,2025-11-06 17h01.51.631789 +0530,
23,27,39,10,10,0,t,1.404899400076829,0.1935807999689132,0,10,10,43,18.762144400039688,,18.75261970004067,18.762144400039688,19.76270940003451,19.76270940003451,19.76270940003451,21.363475800026208,t,1.404899400076829,0.1935807999689132,4,001,2025-11-06_17h01.46.324,Delay Discounting,,2025.1.1,60.03081979199527,2025-11-06 17h01.51.631789 +0530,
36,82,147,11,11,0,t,2.7572439999785274,0.08781229995656759,0,11,11,82,21.379082100000232,,21.36926449998282,21.379082100000232,22.36269280000124,22.36269280000124,22.378457900020294,25.21210839995183,t,2.7572439999785274,0.08781229995656759,4,001,2025-11-06_17h01.46.324,Delay Discounting,,2025.1.1,60.03081979199527,2025-11-06 17h01.51.631789 +0530,
1,72,95,12,12,0,l,1.9800219000317156,0.07148609997238964,0,12,12,71,25.22856950003188,,25.215906099998392,25.22856950003188,26.21162950003054,26.21162950003054,26.22833409998566,28.278817699989304,l,1.9800219000317156,0.07148609997238964,4,001,2025-11-06_17h01.46.324,Delay Discounting,,2025.1.1,60.03081979199527,2025-11-06 17h01.51.631789 +0530,
45,49,38,13,13,0,t,6.499687000061385,0.05533219990320504,0,13,13,39,28.295338699943386,,28.282939399941824,28.295338699943386,29.27838180004619,29.27838180004619,29.29507009999361,35.84523860004265,t,6.499687000061385,0.05533219990320504,4,001,2025-11-06_17h01.46.324,Delay Discounting,,2025.1.1,60.03081979199527,2025-11-06 17h01.51.631789 +0530,
78,89,168,14,14,0,t,1.3077072999440134,0.051347300061024725,0,14,14,99,35.8613941000076,,35.84903459995985,35.8613941000076,36.84485210001003,36.84485210001003,36.861388099961914,38.21181839995552,t,1.3077072999440134,0.051347300061024725,4,001,2025-11-06_17h01.46.324,Delay Discounting,,2025.1.1,60.03081979199527,2025-11-06 17h01.51.631789 +0530,
30,75,13,15,15,0,t,1.816095200018026,0.0715108000440523,0,15,15,58,38.22811419994105,,38.2157321999548,38.22811419994105,39.212208100012504,39.212208100012504,39.22902710002381,41.111787499976344,t,1.816095200018026,0.0715108000440523,4,001,2025-11-06_17h01.46.324,Delay Discounting,,2025.1.1,60.03081979199527,2025-11-06 17h01.51.631789 +0530,
4,99,155,16,16,0,l,1.725574899930507,0.054848400061018765,0,16,16,94,41.12801109999418,,41.11430819996167,41.12801109999418,42.111974800005555,42.111974800005555,42.128743799985386,43.89547260000836,l,1.725574899930507,0.054848400061018765,4,001,2025-11-06_17h01.46.324,Delay Discounting,,2025.1.1,60.03081979199527,2025-11-06 17h01.51.631789 +0530,
48,98,41,17,17,0,t,2.0398724999977276,0.06189370003994554,0,17,17,55,43.91188329993747,,43.90029529994354,43.91188329993747,44.89529469993431,44.89529469993431,44.911702399956994,47.01275520003401,t,2.0398724999977276,0.06189370003994554,4,001,2025-11-06_17h01.46.324,Delay Discounting,,2025.1.1,60.03081979199527,2025-11-06 17h01.51.631789 +0530,
55,56,93,18,18,0,t,2.627917499979958,0.0538933000061661,0,18,18,32,47.02806199993938,,47.01949069998227,47.02806199993938,48.02831900003366,48.02831900003366,48.02831900003366,50.71208059997298,t,2.627917499979958,0.0538933000061661,4,001,2025-11-06_17h01.46.324,Delay Discounting,,2025.1.1,60.03081979199527,2025-11-06 17h01.51.631789 +0530,
63,68,99,19,19,0,t,1.1020580000476912,0.0670281999045983,0,19,19,60,50.728341500042006,,50.71739789994899,50.728341500042006,51.71192889998201,51.71192889998201,51.72869170003105,52.89642490004189,t,1.1020580000476912,0.0670281999045983,4,001,2025-11-06_17h01.46.324,Delay Discounting,,2025.1.1,60.03081979199527,2025-11-06 17h01.51.631789 +0530,
44,93,94,20,20,0,t,1.1537108999909833,0.05163360002916306,0,20,20,73,52.91159140004311,,52.90153959998861,52.91159140004311,53.91105739993509,53.91105739993509,53.91105739993509,55.12826879997738,t,1.1537108999909833,0.05163360002916306,4,001,2025-11-06_17h01.46.324,Delay Discounting,,2025.1.1,60.03081979199527,2025-11-06 17h01.51.631789 +0530,
91,95,72,21,21,0,t,0.8167314999736845,0.06619820010382682,0,21,21,72,55.14436959999148,,55.132748499978334,55.14436959999148,56.128263899940066,56.128263899940066,56.145248000044376,57.012887999997474,t,0.8167314999736845,0.06619820010382682,4,001,2025-11-06_17h01.46.324,Delay Discounting,,2025.1.1,60.03081979199527,2025-11-06 17h01.51.631789 +0530,
97,100,27,22,22,0,t,0.9797305000247434,0.06773989996872842,0,22,22,17,57.028157499968074,,57.01901409996208,57.028157499968074,58.028180700028315,58.028180700028315,58.028180700028315,59.07837090000976,t,0.9797305000247434,0.06773989996872842,4,001,2025-11-06_17h01.46.324,Delay Discounting,,2025.1.1,60.03081979199527,2025-11-06 17h01.51.631789 +0530,
32,66,180,23,23,0,t,0.9423363000387326,0.06702339998446405,0,23,23,84,59.0947566999821,,59.083408699953,59.0947566999821,60.07862619997468,60.07862619997468,60.095163699937984,61.09587509999983,t,0.9423363000387326,0.06702339998446405,4,001,2025-11-06_17h01.46.324,Delay Discounting,,2025.1.1,60.03081979199527,2025-11-06 17h01.51.631789 +0530,
45,46,44,24,24,0,t,1.0026037000352517,0.08196490001864731,0,24,24,38,61.11100309994072,,61.1014153000433,61.11100309994072,62.11102029995527,62.11102029995527,62.11102029995527,63.21237149997614,t,1.0026037000352517,0.08196490001864731,4,001,2025-11-06_17h01.46.324,Delay Discounting,,2025.1.1,60.03081979199527,2025-11-06 17h01.51.631789 +0530,
1,50,55,25,25,0,l,1.1927631999133155,0.06702990003395826,0,25,25,3,63.22783230000641,,63.21980570000596,63.22783230000641,64.22770559997298,64.22770559997298,64.22770559997298,65.49563619995024,l,1.1927631999133155,0.06702990003395826,4,001,2025-11-06_17h01.46.324,Delay Discounting,,2025.1.1,60.03081979199527,2025-11-06 17h01.51.631789 +0530,
48,99,178,26,26,0,t,2.202828999958001,0.05145830009132624,0,26,26,64,65.51094810001086,,65.50109389994759,65.51094810001086,66.51081559993327,66.51081559993327,66.51081559993327,68.77952660003211,t,2.202828999958001,0.05145830009132624,4,001,2025-11-06_17h01.46.324,Delay Discounting,,2025.1.1,60.03081979199527,2025-11-06 17h01.51.631789 +0530,
71,89,66,27,27,0,t,1.7914581999648362,0.07346680003684014,0,27,27,49,68.79417220002506,,68.78658670000732,68.79417220002506,69.79481390002184,69.79481390002184,69.79481390002184,71.66104319994338,t,1.7914581999648362,0.07346680003684014,4,001,2025-11-06_17h01.46.324,Delay Discounting,,2025.1.1,60.03081979199527,2025-11-06 17h01.51.631789 +0530,
26,86,53,28,28,0,t,1.2620010999962687,0.08730529993772507,0,28,28,78,71.67727999994531,,71.66455680003855,71.67727999994531,72.66070599993691,72.66070599993691,72.67746239993721,74.0124405999668,t,1.2620010999962687,0.08730529993772507,4,001,2025-11-06_17h01.46.324,Delay Discounting,,2025.1.1,60.03081979199527,2025-11-06 17h01.51.631789 +0530,
64,75,105,29,29,0,t,1.8192723999964073,0.06345969997346401,0,29,29,53,74.02806449995842,,74.0177846000297,74.02806449995842,75.02806419995613,75.02806419995613,75.02806419995613,76.9120773000177,t,1.8192723999964073,0.06345969997346401,4,001,2025-11-06_17h01.46.324,Delay Discounting,,2025.1.1,60.03081979199527,2025-11-06 17h01.51.631789 +0530,
40,77,158,30,30,0,t,1.58219690003898,0.06771680002566427,0,30,30,89,76.92795379995368,,76.9171433999436,76.92795379995368,77.9106066999957,77.9106066999957,77.92796060000546,79.56224280002061,t,1.58219690003898,0.06771680002566427,4,001,2025-11-06_17h01.46.324,Delay Discounting,,2025.1.1,60.03081979199527,2025-11-06 17h01.51.631789 +0530,
17,79,11,31,31,0,t,1.809141100035049,0.055643699946813285,0,31,31,88,79.57781010004692,,79.56833549996372,79.57781010004692,80.57789820001926,80.57789820001926,80.57789820001926,82.4448798999656,t,1.809141100035049,0.055643699946813285,4,001,2025-11-06_17h01.46.324,Delay Discounting,,2025.1.1,60.03081979199527,2025-11-06 17h01.51.631789 +0530,
2,36,5,32,32,0,l,1.9390640000347048,0.06191329995635897,0,32,32,95,82.46103979996406,,82.45024090004154,82.46103979996406,83.4445613999851,83.4445613999851,83.46105419995729,85.44665429997258,l,1.9390640000347048,0.06191329995635897,4,001,2025-11-06_17h01.46.324,Delay Discounting,,2025.1.1,60.03081979199527,2025-11-06 17h01.51.631789 +0530,
75,100,37,33,33,0,t,1.038103099912405,0.05931050004437566,0,33,33,66,85.46053989999928,,85.45252839999739,85.46053989999928,86.46046099998057,86.46046099998057,86.46046099998057,87.5616660999367,t,1.038103099912405,0.05931050004437566,4,001,2025-11-06_17h01.46.324,Delay Discounting,,2025.1.1,60.03081979199527,2025-11-06 17h01.51.631789 +0530,
96,100,47,34,34,0,t,1.8701299999374896,0.1233811000129208,0,34,34,90,87.57770859997254,,87.56723849999253,87.57770859997254,88.56047319993377,88.56047319993377,88.57777099998202,90.56174929998815,t,1.8701299999374896,0.1233811000129208,4,001,2025-11-06_17h01.46.324,Delay Discounting,,2025.1.1,60.03081979199527,2025-11-06 17h01.51.631789 +0530,
1,53,75,35,35,0,l,1.0239937000442296,0.056212899973616004,0,35,35,80,90.57760379998945,,90.56783790001646,90.57760379998945,91.577751899953,91.577751899953,91.577751899953,92.66133709996939,l,1.0239937000442296,0.056212899973616004,4,001,2025-11-06_17h01.46.324,Delay Discounting,,2025.1.1,60.03081979199527,2025-11-06 17h01.51.631789 +0530,
96,98,57,36,36,0,t,1.4166342000244185,0.05412179999984801,0,36,36,40,92.67744759994093,,92.66642270004377,92.67744759994093,93.67685899999924,93.67685899999924,93.67685899999924,95.1615975999739,t,1.4166342000244185,0.05412179999984801,4,001,2025-11-06_17h01.46.324,Delay Discounting,,2025.1.1,60.03081979199527,2025-11-06 17h01.51.631789 +0530,
22,72,51,37,37,0,t,2.3302879000548273,0.08288969995919615,0,37,37,25,95.17759620002471,,95.16712060000282,95.17759620002471,96.16080379998311,96.16080379998311,96.1776683999924,98.57816199993249,t,2.3302879000548273,0.08288969995919615,4,001,2025-11-06_17h01.46.324,Delay Discounting,,2025.1.1,60.03081979199527,2025-11-06 17h01.51.631789 +0530,
6,56,100,38,38,0,t,1.3911009000148624,0.08768920006696135,0,38,38,31,98.5938989999704,,98.58369320002384,98.5938989999704,99.57761309994385,99.57761309994385,99.59414639999159,101.06124840001576,t,1.3911009000148624,0.08768920006696135,4,001,2025-11-06_17h01.46.324,Delay Discounting,,2025.1.1,60.03081979199527,2025-11-06 17h01.51.631789 +0530,
51,96,150,39,39,0,t,1.4795786999166012,0.08918820007238537,0,39,39,34,101.07694900000934,,101.06820500001777,101.07694900000934,102.06048620003276,102.06048620003276,102.07741010002792,103.64491769997403,t,1.4795786999166012,0.08918820007238537,4,001,2025-11-06_17h01.46.324,Delay Discounting,,2025.1.1,60.03081979199527,2025-11-06 17h01.51.631789 +0530,
61,64,18,40,40,0,t,4.565527200000361,0.07640639995224774,0,40,40,4,103.66049349994864,,103.6505592999747,103.66049349994864,104.6441658999538,104.6441658999538,104.66073190001771,109.29480669996701,t,4.565527200000361,0.07640639995224774,4,001,2025-11-06_17h01.46.324,Delay Discounting,,2025.1.1,60.03081979199527,2025-11-06 17h01.51.631789 +0530,
45,83,199,41,41,0,t,2.0195651999674737,0.04675350000616163,0,41,41,19,109.31029489997309,,109.29999009997118,109.31029489997309,110.29399499995634,110.29399499995634,110.31047589995433,112.36180700000841,t,2.0195651999674737,0.04675350000616163,4,001,2025-11-06_17h01.46.324,Delay Discounting,,2025.1.1,60.03081979199527,2025-11-06 17h01.51.631789 +0530,
40,61,43,42,42,0,t,4.786599899991415,0.0986351000610739,0,42,42,96,112.37665450002532,,112.36773749999702,112.37665450002532,113.37705989996903,113.37705989996903,113.37705989996903,118.27810689993203,t,4.786599899991415,0.0986351000610739,4,001,2025-11-06_17h01.46.324,Delay Discounting,,2025.1.1,60.03081979199527,2025-11-06 17h01.51.631789 +0530,
35,83,88,43,43,0,t,1.9707212999928743,0.08180669997818768,0,43,43,16,118.29344179993495,,118.28400939994026,118.29344179993495,119.29382799996529,119.29382799996529,119.29382799996529,121.36039059993345,t,1.9707212999928743,0.08180669997818768,4,001,2025-11-06_17h01.46.324,Delay Discounting,,2025.1.1,60.03081979199527,2025-11-06 17h01.51.631789 +0530,
39,84,104,44,44,0,t,3.650910700089298,0.05768729990813881,0,44,44,57,121.37696469994262,,121.36492419999558,121.37696469994262,122.36018550000153,122.36018550000153,122.37700770003721,126.07752119994257,t,3.650910700089298,0.05768729990813881,4,001,2025-11-06_17h01.46.324,Delay Discounting,,2025.1.1,60.03081979199527,2025-11-06 17h01.51.631789 +0530,
43,76,83,45,45,0,t,1.5207760999910533,0.06178819993510842,0,45,45,67,126.0936213999521,,126.0830412999494,126.0936213999521,127.09425039996859,127.09425039996859,127.09425039996859,128.6785987999756,t,1.5207760999910533,0.06178819993510842,4,001,2025-11-06_17h01.46.324,Delay Discounting,,2025.1.1,60.03081979199527,2025-11-06 17h01.51.631789 +0530,
6,36,24,46,46,0,t,1.0845544000621885,0.0561012999387458,0,46,46,77,128.6929039999377,,128.68563520000316,128.6929039999377,129.69305030000396,129.69305030000396,129.69305030000396,130.8436452000169,t,1.0845544000621885,0.0561012999387458,4,001,2025-11-06_17h01.46.324,Delay Discounting,,2025.1.1,60.03081979199527,2025-11-06 17h01.51.631789 +0530,
28,97,79,47,47,0,t,1.4000260999891907,0.08388060005381703,0,47,47,20,130.85938409995288,,130.85193320002872,130.85938409995288,131.8434738999931,131.8434738999931,131.8603134000441,133.32852770003956,t,1.4000260999891907,0.08388060005381703,4,001,2025-11-06_17h01.46.324,Delay Discounting,,2025.1.1,60.03081979199527,2025-11-06 17h01.51.631789 +0530,
17,50,134,48,48,0,t,1.4418864999897778,0.042048700037412345,0,48,48,54,133.34450490004383,,133.3340329999337,133.34450490004383,134.34432759997435,134.34432759997435,134.3608914000215,135.84327559999656,t,1.4418864999897778,0.042048700037412345,4,001,2025-11-06_17h01.46.324,Delay Discounting,,2025.1.1,60.03081979199527,2025-11-06 17h01.51.631789 +0530,
58,88,70,49,49,0,t,0.845326199894771,0.09824720001779497,0,49,49,51,135.86043300002348,,135.84821710002143,135.86043300002348,136.84313399996608,136.84313399996608,136.85963830002584,137.79408369993325,t,0.845326199894771,0.09824720001779497,4,001,2025-11-06_17h01.46.324,Delay Discounting,,2025.1.1,60.03081979199527,2025-11-06 17h01.51.631789 +0530,
58,66,64,50,50,0,t,1.0165958000579849,0.0971054999390617,0,50,50,9,137.80962730001193,,137.7997360000154,137.80962730001193,138.809908599942,138.809908599942,138.809908599942,139.92731900000945,t,1.0165958000579849,0.0971054999390617,4,001,2025-11-06_17h01.46.324,Delay Discounting,,2025.1.1,60.03081979199527,2025-11-06 17h01.51.631789 +0530,
95,99,33,51,51,0,t,1.019155399990268,0.041879700031131506,0,51,51,13,139.94294780003838,,139.93446999997832,139.94294780003838,140.92628609994426,140.92628609994426,140.94446469994728,141.99473759997636,t,1.019155399990268,0.041879700031131506,4,001,2025-11-06_17h01.46.324,Delay Discounting,,2025.1.1,60.03081979199527,2025-11-06 17h01.51.631789 +0530,
2,7,7,52,52,0,t,1.0080458000302315,0.07208739989437163,0,52,52,41,142.00939799996559,,141.9999155999394,142.00939799996559,143.00932569999713,143.00932569999713,143.00932569999713,144.09340240003075,t,1.0080458000302315,0.07208739989437163,4,001,2025-11-06_17h01.46.324,Delay Discounting,,2025.1.1,60.03081979199527,2025-11-06 17h01.51.631789 +0530,
69,88,29,53,53,0,t,1.7421646000584587,0.08339669997803867,0,53,53,30,144.1093041000422,,144.09834579995368,144.1093041000422,145.0927225999767,145.0927225999767,145.1099653999554,146.9269714000402,t,1.7421646000584587,0.08339669997803867,4,001,2025-11-06_17h01.46.324,Delay Discounting,,2025.1.1,60.03081979199527,2025-11-06 17h01.51.631789 +0530,
80,94,42,54,54,0,t,1.4087212999584153,0.08243780001066625,0,54,54,97,146.94279250002,,146.9325953000225,146.94279250002,147.92613659997005,147.92613659997005,147.94247519993223,149.4275323000038,t,1.4087212999584153,0.08243780001066625,4,001,2025-11-06_17h01.46.324,Delay Discounting,,2025.1.1,60.03081979199527,2025-11-06 17h01.51.631789 +0530,
49,61,50,55,55,0,t,1.5736255999654531,0.08359100006055087,0,55,55,21,149.442804899998,,149.43417130003218,149.442804899998,150.44283459999133,150.44283459999133,150.44283459999133,152.11025989998598,t,1.5736255999654531,0.08359100006055087,4,001,2025-11-06_17h01.46.324,Delay Discounting,,2025.1.1,60.03081979199527,2025-11-06 17h01.51.631789 +0530,
16,27,56,56,56,0,t,1.2755939000053331,0.05439850001130253,0,56,56,68,152.12608099996578,,152.11575360002462,152.12608099996578,153.10959450004157,153.10959450004157,153.1263745999895,154.44319270004053,t,1.2755939000053331,0.05439850001130253,4,001,2025-11-06_17h01.46.324,Delay Discounting,,2025.1.1,60.03081979199527,2025-11-06 17h01.51.631789 +0530,
21,44,87,57,57,0,t,1.2033913999330252,0.11034800007473677,0,57,57,69,154.4593184000114,,154.44904300000053,154.4593184000114,155.44273100001737,155.44273100001737,155.4592302000383,156.76012640004046,t,1.2033913999330252,0.11034800007473677,4,001,2025-11-06_17h01.46.324,Delay Discounting,,2025.1.1,60.03081979199527,2025-11-06 17h01.51.631789 +0530,
62,75,3,58,58,0,t,2.382642599986866,0.06054680002853274,0,58,58,75,156.7762237000279,,156.7650501000462,156.7762237000279,157.75949670001864,157.75949670001864,157.77590929996222,160.21020630002022,t,2.382642599986866,0.06054680002853274,4,001,2025-11-06_17h01.46.324,Delay Discounting,,2025.1.1,60.03081979199527,2025-11-06 17h01.51.631789 +0530,
54,65,58,59,59,0,t,1.3694485999876633,0.07946580008137971,0,59,59,10,160.225854099961,,160.21762769995257,160.225854099961,161.2094202999724,161.2094202999724,161.2259474999737,162.6598110999912,t,1.3694485999876633,0.07946580008137971,4,001,2025-11-06_17h01.46.324,Delay Discounting,,2025.1.1,60.03081979199527,2025-11-06 17h01.51.631789 +0530,
24,73,77,60,60,0,t,1.0628399999113753,0.05608370003756136,0,60,60,81,162.67575239995494,,162.66548830003012,162.67575239995494,163.6592542999424,163.6592542999424,163.6759361999575,164.7934108999325,t,1.0628399999113753,0.05608370003756136,4,001,2025-11-06_17h01.46.324,Delay Discounting,,2025.1.1,60.03081979199527,2025-11-06 17h01.51.631789 +0530,
5,98,109,61,61,0,t,1.175726899993606,0.08042989997193217,0,61,61,24,164.8089399000164,,164.7989570000209,164.8089399000164,165.79280799999833,165.79280799999833,165.80938939994667,167.0604219000088,t,1.175726899993606,0.08042989997193217,4,001,2025-11-06_17h01.46.324,Delay Discounting,,2025.1.1,60.03081979199527,2025-11-06 17h01.51.631789 +0530,
76,96,132,62,62,0,t,2.0922302999533713,0.07815660000778735,0,62,62,27,167.07574789994396,,167.06869849993382,167.07574789994396,168.0758460999932,168.0758460999932,168.0758460999932,170.26035979995504,t,2.0922302999533713,0.07815660000778735,4,001,2025-11-06_17h01.46.324,Delay Discounting,,2025.1.1,60.03081979199527,2025-11-06 17h01.51.631789 +0530,
82,95,10,63,63,0,t,1.3853043999988586,0.06649150000885129,0,63,63,35,170.27605630003382,,170.26652569998987,170.27605630003382,171.258989199996,171.258989199996,171.2759206999326,172.7267625000095,t,1.3853043999988586,0.06649150000885129,4,001,2025-11-06_17h01.46.324,Delay Discounting,,2025.1.1,60.03081979199527,2025-11-06 17h01.51.631789 +0530,
24,97,1,64,64,0,t,2.087784899980761,0.06643690005876124,0,64,64,56,172.74255169997923,,172.73174069996458,172.74255169997923,173.7256660000421,173.7256660000421,173.74260809994303,175.89352679997683,t,2.087784899980761,0.06643690005876124,4,001,2025-11-06_17h01.46.324,Delay Discounting,,2025.1.1,60.03081979199527,2025-11-06 17h01.51.631789 +0530,
73,89,30,65,65,0,t,1.774180999957025,0.06895600003190339,0,65,65,44,175.9092792000156,,175.89906109997537,175.9092792000156,176.89269450004213,176.89269450004213,176.90921980002895,178.74347380001564,t,1.774180999957025,0.06895600003190339,4,001,2025-11-06_17h01.46.324,Delay Discounting,,2025.1.1,60.03081979199527,2025-11-06 17h01.51.631789 +0530,
80,86,6,66,66,0,t,2.468003600020893,0.11698549997527152,0,66,66,23,178.75930879998486,,178.748981700046,178.75930879998486,179.75906539999414,179.75906539999414,179.75906539999414,182.35892379994038,t,2.468003600020893,0.11698549997527152,4,001,2025-11-06_17h01.46.324,Delay Discounting,,2025.1.1,60.03081979199527,2025-11-06 17h01.51.631789 +0530,
74,94,21,67,67,0,t,7.567602900089696,0.07365499995648861,0,67,67,48,182.37532849994022,,182.3648868999444,182.37532849994022,183.35889419994783,183.35889419994783,183.37557949998882,191.01014190004207,t,7.567602900089696,0.07365499995648861,4,001,2025-11-06_17h01.46.324,Delay Discounting,,2025.1.1,60.03081979199527,2025-11-06 17h01.51.631789 +0530,
92,93,80,68,68,0,t,4.357908900012262,0.060102000017650425,0,68,68,5,191.02533089998178,,191.0167929000454,191.02533089998178,192.0253921999829,192.0253921999829,192.0253921999829,196.45846929994877,t,4.357908900012262,0.060102000017650425,4,001,2025-11-06_17h01.46.324,Delay Discounting,,2025.1.1,60.03081979199527,2025-11-06 17h01.51.631789 +0530,
67,69,81,69,69,0,t,8.018726799986325,0.07211830001324415,0,69,69,42,196.47470350004733,,196.4619825000409,196.47470350004733,197.45873059995938,197.45873059995938,197.47566480003297,205.5591142999474,t,8.018726799986325,0.07211830001324415,4,001,2025-11-06_17h01.46.324,Delay Discounting,,2025.1.1,60.03081979199527,2025-11-06 17h01.51.631789 +0530,
50,55,8,70,70,0,t,0.7033760000485927,0.08568879996892065,0,70,70,87,205.5748489999678,,205.56525909993798,205.5748489999678,206.57468750001863,206.57468750001863,206.57468750001863,207.37563349993434,t,0.7033760000485927,0.08568879996892065,4,001,2025-11-06_17h01.46.324,Delay Discounting,,2025.1.1,60.03081979199527,2025-11-06 17h01.51.631789 +0530,
77,86,40,71,71,0,t,0.7476186000276357,0.08501559996511787,0,71,71,52,207.39110889995936,,207.3829403000418,207.39110889995936,208.39117359998636,208.39117359998636,208.39117359998636,209.22534579993226,t,0.7476186000276357,0.08501559996511787,4,001,2025-11-06_17h01.46.324,Delay Discounting,,2025.1.1,60.03081979199527,2025-11-06 17h01.51.631789 +0530,
25,75,65,72,72,0,t,0.5672511000884697,0.08232379995752126,0,72,72,70,209.24177359999157,,209.2303751000436,209.24177359999157,210.22482889995445,210.22482889995445,210.24169009993784,210.87580499995966,t,0.5672511000884697,0.08232379995752126,4,001,2025-11-06_17h01.46.324,Delay Discounting,,2025.1.1,60.03081979199527,2025-11-06 17h01.51.631789 +0530,
69,88,84,73,73,0,t,1.146533599938266,0.10768040001858026,0,73,73,1,210.89213819999713,,210.88119179999921,210.89213819999713,211.89148079999723,211.89148079999723,211.89148079999723,213.1587523999624,t,1.146533599938266,0.10768040001858026,4,001,2025-11-06_17h01.46.324,Delay Discounting,,2025.1.1,60.03081979199527,2025-11-06 17h01.51.631789 +0530,
58,100,73,74,74,0,t,1.1696882999967784,0.10584109998308122,0,74,74,74,213.17473510000855,,213.16274599998724,213.17473510000855,214.15791209996678,214.15791209996678,214.17513899994083,215.44233150000218,t,1.1696882999967784,0.10584109998308122,4,001,2025-11-06_17h01.46.324,Delay Discounting,,2025.1.1,60.03081979199527,2025-11-06 17h01.51.631789 +0530,
28,41,122,75,75,0,t,0.7659213999286294,0.12442870007362217,0,75,75,50,215.45815459999721,,215.4498097000178,215.45815459999721,216.44155150000006,216.44155150000006,216.45845110004302,217.34335019998252,t,0.7659213999286294,0.12442870007362217,4,001,2025-11-06_17h01.46.324,Delay Discounting,,2025.1.1,60.03081979199527,2025-11-06 17h01.51.631789 +0530,
86,91,52,76,76,0,t,0.6548644000431523,0.11178160004783422,0,76,76,83,217.35871589998715,,217.34931920003146,217.35871589998715,218.35863519995473,218.35863519995473,218.35863519995473,219.14310919994023,t,0.6548644000431523,0.11178160004783422,4,001,2025-11-06_17h01.46.324,Delay Discounting,,2025.1.1,60.03081979199527,2025-11-06 17h01.51.631789 +0530,
41,43,141,77,77,0,t,0.6887099000159651,0.09533309994731098,0,77,77,36,219.15865659993142,,219.14879400003701,219.15865659993142,220.1584714000346,220.1584714000346,220.1584714000346,220.95986699999776,t,0.6887099000159651,0.09533309994731098,4,001,2025-11-06_17h01.46.324,Delay Discounting,,2025.1.1,60.03081979199527,2025-11-06 17h01.51.631789 +0530,
39,47,4,78,78,0,t,0.8568679000018165,0.10096229996997863,0,78,78,12,220.97454760002438,,220.96503349998966,220.97454760002438,221.9750905999681,221.9750905999681,221.9750905999681,222.94250280002598,t,0.8568679000018165,0.10096229996997863,4,001,2025-11-06_17h01.46.324,Delay Discounting,,2025.1.1,60.03081979199527,2025-11-06 17h01.51.631789 +0530,
88,99,172,79,79,0,t,1.0177863000426441,0.08157759997993708,0,79,79,26,222.95776799996383,,222.94830089993775,222.95776799996383,223.95822379994206,223.95822379994206,223.95822379994206,225.0592275999952,t,1.0177863000426441,0.08157759997993708,4,001,2025-11-06_17h01.46.324,Delay Discounting,,2025.1.1,60.03081979199527,2025-11-06 17h01.51.631789 +0530,
42,46,67,80,80,0,t,0.6920918000396341,0.0721921999938786,0,80,80,62,225.0745349000208,,225.0654031999875,225.0745349000208,226.07413560000714,226.07413560000714,226.07413560000714,226.84190879995003,t,0.6920918000396341,0.0721921999938786,4,001,2025-11-06_17h01.46.324,Delay Discounting,,2025.1.1,60.03081979199527,2025-11-06 17h01.51.631789 +0530,
5,9,23,81,81,0,t,0.5512549999402836,0.07660130003932863,0,81,81,11,226.85764069994912,,226.84693090000656,226.85764069994912,227.85751609993167,227.85751609993167,227.85751609993167,228.49169439997058,t,0.5512549999402836,0.07660130003932863,4,001,2025-11-06_17h01.46.324,Delay Discounting,,2025.1.1,60.03081979199527,2025-11-06 17h01.51.631789 +0530,
4,29,176,82,82,0,t,1.6413354999385774,0.08382399997208267,0,82,82,93,228.50855060003232,,228.49646099994425,228.50855060003232,229.49113430001307,229.49113430001307,229.50848530000076,231.22506119997706,t,1.6413354999385774,0.08382399997208267,4,001,2025-11-06_17h01.46.324,Delay Discounting,,2025.1.1,60.03081979199527,2025-11-06 17h01.51.631789 +0530,
70,92,15,83,83,0,t,1.7656439000274986,0.06120889994781464,0,83,83,28,231.24140599998645,,231.22946770000271,231.24140599998645,232.24122239998542,232.24122239998542,232.24122239998542,234.0749221999431,t,1.7656439000274986,0.06120889994781464,4,001,2025-11-06_17h01.46.324,Delay Discounting,,2025.1.1,60.03081979199527,2025-11-06 17h01.51.631789 +0530,
28,83,16,84,84,0,t,1.1048571000574157,0.06528580002486706,0,84,84,63,234.09057949995622,,234.08051400003023,234.09057949995622,235.0739201999968,235.0739201999968,235.09067850001156,236.25942969997413,t,1.1048571000574157,0.06528580002486706,4,001,2025-11-06_17h01.46.324,Delay Discounting,,2025.1.1,60.03081979199527,2025-11-06 17h01.51.631789 +0530,
95,97,89,85,85,0,t,1.0596784999361262,0.08163260004948825,0,85,85,76,236.27382530004252,,236.26619410002604,236.27382530004252,237.27402469993103,237.27402469993103,237.27402469993103,238.42489489994477,t,1.0596784999361262,0.08163260004948825,4,001,2025-11-06_17h01.46.324,Delay Discounting,,2025.1.1,60.03081979199527,2025-11-06 17h01.51.631789 +0530,
31,63,92,86,86,0,t,0.8524294999660924,0.0488252000650391,0,86,86,45,238.44051109999418,,238.43173209996894,238.44051109999418,239.42410349997226,239.42410349997226,239.44252070004586,240.34145710000303,t,0.8524294999660924,0.0488252000650391,4,001,2025-11-06_17h01.46.324,Delay Discounting,,2025.1.1,60.03081979199527,2025-11-06 17h01.51.631789 +0530,
7,17,59,87,87,0,t,0.7913382999831811,0.02255890006199479,0,87,87,92,240.35699939995538,,240.34751819993835,240.35699939995538,241.34092410001904,241.34092410001904,241.3573290000204,242.15748299995903,t,0.7913382999831811,0.02255890006199479,4,001,2025-11-06_17h01.46.324,Delay Discounting,,2025.1.1,60.03081979199527,2025-11-06 17h01.51.631789 +0530,
49,91,96,88,88,0,t,1.4855329999700189,0.08778019994497299,0,88,88,91,242.17365100001916,,242.1623407000443,242.17365100001916,243.15716089995112,243.15716089995112,243.17400230001658,244.741025299998,t,1.4855329999700189,0.08778019994497299,4,001,2025-11-06_17h01.46.324,Delay Discounting,,2025.1.1,60.03081979199527,2025-11-06 17h01.51.631789 +0530,
21,27,26,89,89,0,t,0.5932563999667764,0.08177329995669425,0,89,89,7,244.75699040002655,,244.74526210001204,244.75699040002655,245.740926999948,245.740926999948,245.7571445000358,246.42498430004343,t,0.5932563999667764,0.08177329995669425,4,001,2025-11-06_17h01.46.324,Delay Discounting,,2025.1.1,60.03081979199527,2025-11-06 17h01.51.631789 +0530,
84,97,60,90,90,0,t,1.2212056000716984,0.09091559995431453,0,90,90,22,246.44052019994706,,246.43065250001382,246.44052019994706,247.42373879998922,247.42373879998922,247.44072950002737,248.74060829996597,t,1.2212056000716984,0.09091559995431453,4,001,2025-11-06_17h01.46.324,Delay Discounting,,2025.1.1,60.03081979199527,2025-11-06 17h01.51.631789 +0530,
88,93,49,91,91,0,t,1.4513803999871016,0.11075889994390309,0,91,91,2,248.75744790001772,,248.7435320999939,248.75744790001772,249.74028749996796,249.74028749996796,249.75740719994064,251.30754559999332,t,1.4513803999871016,0.11075889994390309,4,001,2025-11-06_17h01.46.324,Delay Discounting,,2025.1.1,60.03081979199527,2025-11-06 17h01.51.631789 +0530,
54,78,86,92,92,0,t,4.955849900026806,0.18871390004642308,0,92,92,37,251.32385929999873,,251.31181340001058,251.32385929999873,252.3068519999506,252.3068519999506,252.32358299999032,257.4578685000306,t,4.955849900026806,0.18871390004642308,4,001,2025-11-06_17h01.46.324,Delay Discounting,,2025.1.1,60.03081979199527,2025-11-06 17h01.51.631789 +0530,
72,99,119,93,93,0,t,13.83829930005595,0.11266799992881715,0,93,93,61,257.4741863999516,,257.46338540001307,257.4741863999516,258.4572986999992,258.4572986999992,258.47431219997816,272.42508800001815,t,13.83829930005595,0.11266799992881715,4,001,2025-11-06_17h01.46.324,Delay Discounting,,2025.1.1,60.03081979199527,2025-11-06 17h01.51.631789 +0530,
55,58,85,94,94,0,t,6.128520300029777,0.15790989995002747,0,94,94,18,272.44010729994625,,272.43073779996485,272.44010729994625,273.4409097000025,273.4409097000025,273.4409097000025,279.7416443999391,t,6.128520300029777,0.15790989995002747,4,001,2025-11-06_17h01.46.324,Delay Discounting,,2025.1.1,60.03081979199527,2025-11-06 17h01.51.631789 +0530,
45,48,62,95,95,0,t,1.2119762999936938,0.15216239995788783,0,95,95,8,279.7564715000335,,279.75042629998643,279.7564715000335,280.7566574999364,280.7566574999364,280.7566574999364,282.12405660003424,t,1.2119762999936938,0.15216239995788783,4,001,2025-11-06_17h01.46.324,Delay Discounting,,2025.1.1,60.03081979199527,2025-11-06 17h01.51.631789 +0530,
99,100,98,96,96,0,t,1.2182246000738814,0.11177629989106208,0,96,96,15,282.13964199996553,,282.1297807999654,282.13964199996553,283.1238206999842,283.1238206999842,283.1401562000392,284.45765340002254,t,1.2182246000738814,0.11177629989106208,4,001,2025-11-06_17h01.46.324,Delay Discounting,,2025.1.1,60.03081979199527,2025-11-06 17h01.51.631789 +0530,
52,98,36,97,97,0,t,1.236446899943985,0.10398969997186214,0,97,97,46,284.4732846999541,,284.462857699953,284.4732846999541,285.4571951000253,285.4571951000253,285.47370890004095,286.80651419993956,t,1.236446899943985,0.10398969997186214,4,001,2025-11-06_17h01.46.324,Delay Discounting,,2025.1.1,60.03081979199527,2025-11-06 17h01.51.631789 +0530,
32,61,9,98,98,0,t,1.0379661000333726,0.1277291999431327,0,98,98,6,286.8227548999712,,286.8100279000355,286.8227548999712,287.80681440001354,287.80681440001354,287.82319529994857,288.9744978999952,t,1.0379661000333726,0.1277291999431327,4,001,2025-11-06_17h01.46.324,Delay Discounting,,2025.1.1,60.03081979199527,2025-11-06 17h01.51.631789 +0530,
38,63,76,99,99,0,t,2.0215054000727832,0.11591009993571788,0,99,99,85,288.9899057999719,,288.98112290003337,288.9899057999719,289.9904937000247,289.9904937000247,289.9904937000247,292.14105720003136,t,2.0215054000727832,0.11591009993571788,4,001,2025-11-06_17h01.46.324,Delay Discounting,,2025.1.1,60.03081979199527,2025-11-06 17h01.51.631789 +0530,
